"CustID","Churn (0/1)","RFM-Score","P[B]","RFM Resp Prob"
111,1,15,0.714285714285714,0.613484466921967
881,0,15,0.625,0.613484466921967
1167,0,15,0.555555555555556,0.613484466921967
1623,1,15,0.6,0.613484466921967
1845,1,15,0.545454545454545,0.613484466921967
1991,1,15,0.5,0.613484466921967
2389,1,15,0.538461538461538,0.613484466921967
2509,0,15,0.538461538461538,0.613484466921967
3138,0,15,0.538461538461538,0.613484466921967
3400,1,15,0.615384615384615,0.613484466921967
3415,0,15,0.615384615384615,0.613484466921967
3774,0,15,0.615384615384615,0.613484466921967
4066,1,15,0.615384615384615,0.613484466921967
4383,1,15,0.538461538461538,0.613484466921967
4635,0,15,0.538461538461538,0.613484466921967
4894,1,15,0.538461538461538,0.613484466921967
5135,1,15,0.538461538461538,0.613484466921967
5420,1,15,0.615384615384615,0.613484466921967
5677,1,15,0.615384615384615,0.613484466921967
5870,0,15,0.615384615384615,0.613484466921967
5939,0,15,0.538461538461538,0.613484466921967
6072,0,15,0.615384615384615,0.613484466921967
6335,1,15,0.615384615384615,0.613484466921967
6799,1,15,0.538461538461538,0.613484466921967
7130,0,15,0.538461538461538,0.613484466921967
7856,1,15,0.538461538461538,0.613484466921967
8450,0,15,0.615384615384615,0.613484466921967
8481,1,15,0.615384615384615,0.613484466921967
8736,1,15,0.692307692307692,0.613484466921967
8976,0,15,0.615384615384615,0.613484466921967
9307,1,15,0.615384615384615,0.613484466921967
9719,1,15,0.692307692307692,0.613484466921967
10306,1,15,0.692307692307692,0.613484466921967
10352,0,15,0.692307692307692,0.613484466921967
10609,1,15,0.615384615384615,0.613484466921967
10977,0,15,0.615384615384615,0.613484466921967
11288,1,15,0.692307692307692,0.613484466921967
11326,1,15,0.615384615384615,0.613484466921967
11341,1,15,0.615384615384615,0.613484466921967
11462,0,15,0.615384615384615,0.613484466921967
11687,0,15,0.692307692307692,0.613484466921967
11749,1,15,0.615384615384615,0.613484466921967
12845,1,15,0.615384615384615,0.613484466921967
12882,0,15,0.538461538461538,0.613484466921967
13093,1,15,0.538461538461538,0.613484466921967
13386,1,15,0.461538461538462,0.613484466921967
13425,1,15,0.538461538461538,0.613484466921967
13736,0,15,0.615384615384615,0.613484466921967
13902,0,15,0.615384615384615,0.613484466921967
14069,0,15,0.538461538461538,0.613484466921967
14208,1,15,0.615384615384615,0.613484466921967
14269,0,15,0.615384615384615,0.613484466921967
14314,1,15,0.615384615384615,0.613484466921967
14569,1,15,0.615384615384615,0.613484466921967
15105,1,15,0.692307692307692,0.613484466921967
15142,0,15,0.769230769230769,0.613484466921967
15423,1,15,0.846153846153846,0.613484466921967
15457,1,15,0.846153846153846,0.613484466921967
15518,1,15,0.846153846153846,0.613484466921967
15929,1,15,0.846153846153846,0.613484466921967
15953,1,15,0.846153846153846,0.613484466921967
16319,1,15,0.769230769230769,0.613484466921967
17072,1,15,0.846153846153846,0.613484466921967
17151,1,15,0.846153846153846,0.613484466921967
17676,0,15,0.846153846153846,0.613484466921967
17861,1,15,0.769230769230769,0.613484466921967
18087,1,15,0.769230769230769,0.613484466921967
18475,0,15,0.692307692307692,0.613484466921967
18580,1,15,0.615384615384615,0.613484466921967
19320,1,15,0.538461538461538,0.613484466921967
19347,1,15,0.538461538461538,0.613484466921967
20345,0,15,0.615384615384615,0.613484466921967
20695,1,15,0.538461538461538,0.613484466921967
21086,0,15,0.538461538461538,0.613484466921967
21490,0,15,0.538461538461538,0.613484466921967
21663,0,15,0.461538461538462,0.613484466921967
22356,1,15,0.384615384615385,0.613484466921967
22754,1,15,0.307692307692308,0.613484466921967
22937,0,15,0.307692307692308,0.613484466921967
23498,1,15,0.230769230769231,0.613484466921967
208,0,14,0.307692307692308,0.352343059239611
656,0,14,0.384615384615385,0.352343059239611
836,0,14,0.461538461538462,0.352343059239611
1417,0,14,0.384615384615385,0.352343059239611
1596,0,14,0.307692307692308,0.352343059239611
1647,0,14,0.307692307692308,0.352343059239611
1661,1,14,0.230769230769231,0.352343059239611
1890,1,14,0.307692307692308,0.352343059239611
1893,1,14,0.307692307692308,0.352343059239611
2092,0,14,0.307692307692308,0.352343059239611
2419,0,14,0.307692307692308,0.352343059239611
2457,0,14,0.384615384615385,0.352343059239611
2591,0,14,0.384615384615385,0.352343059239611
2597,1,14,0.307692307692308,0.352343059239611
2871,0,14,0.230769230769231,0.352343059239611
2965,0,14,0.153846153846154,0.352343059239611
3099,0,14,0.153846153846154,0.352343059239611
3157,1,14,0.153846153846154,0.352343059239611
3238,0,14,0.153846153846154,0.352343059239611
3442,0,14,0.153846153846154,0.352343059239611
3496,0,14,0.153846153846154,0.352343059239611
3497,0,14,0.153846153846154,0.352343059239611
3558,0,14,0.153846153846154,0.352343059239611
3614,0,14,0.153846153846154,0.352343059239611
4474,0,14,0.0769230769230769,0.352343059239611
4589,0,14,0.0769230769230769,0.352343059239611
4649,1,14,0.153846153846154,0.352343059239611
5000,0,14,0.153846153846154,0.352343059239611
5031,0,14,0.153846153846154,0.352343059239611
5108,0,14,0.230769230769231,0.352343059239611
5137,0,14,0.307692307692308,0.352343059239611
5240,0,14,0.307692307692308,0.352343059239611
5336,1,14,0.384615384615385,0.352343059239611
5405,0,14,0.307692307692308,0.352343059239611
5631,0,14,0.307692307692308,0.352343059239611
5749,1,14,0.307692307692308,0.352343059239611
5847,1,14,0.307692307692308,0.352343059239611
6084,0,14,0.384615384615385,0.352343059239611
6242,1,14,0.384615384615385,0.352343059239611
6305,0,14,0.307692307692308,0.352343059239611
6412,0,14,0.384615384615385,0.352343059239611
6686,0,14,0.384615384615385,0.352343059239611
7001,0,14,0.307692307692308,0.352343059239611
7120,1,14,0.230769230769231,0.352343059239611
7148,0,14,0.230769230769231,0.352343059239611
7152,0,14,0.153846153846154,0.352343059239611
7323,1,14,0.230769230769231,0.352343059239611
7405,0,14,0.307692307692308,0.352343059239611
7435,0,14,0.384615384615385,0.352343059239611
7540,0,14,0.384615384615385,0.352343059239611
7674,0,14,0.307692307692308,0.352343059239611
7691,0,14,0.384615384615385,0.352343059239611
7854,1,14,0.461538461538462,0.352343059239611
7901,1,14,0.384615384615385,0.352343059239611
8008,1,14,0.461538461538462,0.352343059239611
8022,0,14,0.538461538461538,0.352343059239611
8405,0,14,0.538461538461538,0.352343059239611
8496,1,14,0.538461538461538,0.352343059239611
8601,1,14,0.538461538461538,0.352343059239611
8608,0,14,0.461538461538462,0.352343059239611
8903,1,14,0.384615384615385,0.352343059239611
8957,1,14,0.384615384615385,0.352343059239611
9005,0,14,0.384615384615385,0.352343059239611
9479,0,14,0.384615384615385,0.352343059239611
9494,0,14,0.384615384615385,0.352343059239611
9759,0,14,0.307692307692308,0.352343059239611
9965,0,14,0.384615384615385,0.352343059239611
10085,1,14,0.384615384615385,0.352343059239611
10096,0,14,0.307692307692308,0.352343059239611
10102,0,14,0.384615384615385,0.352343059239611
10248,1,14,0.461538461538462,0.352343059239611
10355,0,14,0.461538461538462,0.352343059239611
10515,1,14,0.538461538461538,0.352343059239611
10533,1,14,0.538461538461538,0.352343059239611
10689,0,14,0.461538461538462,0.352343059239611
11021,1,14,0.538461538461538,0.352343059239611
11044,1,14,0.615384615384615,0.352343059239611
11604,0,14,0.538461538461538,0.352343059239611
11610,1,14,0.615384615384615,0.352343059239611
11652,0,14,0.538461538461538,0.352343059239611
11680,0,14,0.461538461538462,0.352343059239611
11682,1,14,0.538461538461538,0.352343059239611
11693,1,14,0.538461538461538,0.352343059239611
11759,0,14,0.538461538461538,0.352343059239611
12089,1,14,0.538461538461538,0.352343059239611
12108,0,14,0.461538461538462,0.352343059239611
12191,0,14,0.461538461538462,0.352343059239611
12272,1,14,0.538461538461538,0.352343059239611
12455,1,14,0.461538461538462,0.352343059239611
12476,1,14,0.461538461538462,0.352343059239611
12595,0,14,0.461538461538462,0.352343059239611
12693,0,14,0.384615384615385,0.352343059239611
12798,0,14,0.384615384615385,0.352343059239611
12804,1,14,0.461538461538462,0.352343059239611
12973,0,14,0.384615384615385,0.352343059239611
13023,1,14,0.307692307692308,0.352343059239611
13052,0,14,0.307692307692308,0.352343059239611
13085,0,14,0.384615384615385,0.352343059239611
13122,0,14,0.384615384615385,0.352343059239611
13182,1,14,0.461538461538462,0.352343059239611
13417,0,14,0.461538461538462,0.352343059239611
13567,0,14,0.461538461538462,0.352343059239611
13710,1,14,0.384615384615385,0.352343059239611
13938,1,14,0.384615384615385,0.352343059239611
13959,0,14,0.384615384615385,0.352343059239611
14006,1,14,0.461538461538462,0.352343059239611
14112,1,14,0.384615384615385,0.352343059239611
14417,0,14,0.384615384615385,0.352343059239611
14632,0,14,0.384615384615385,0.352343059239611
14694,0,14,0.384615384615385,0.352343059239611
14764,0,14,0.307692307692308,0.352343059239611
14836,1,14,0.307692307692308,0.352343059239611
14838,0,14,0.230769230769231,0.352343059239611
15057,0,14,0.230769230769231,0.352343059239611
15460,0,14,0.307692307692308,0.352343059239611
15562,1,14,0.307692307692308,0.352343059239611
15838,0,14,0.307692307692308,0.352343059239611
15959,0,14,0.384615384615385,0.352343059239611
16465,0,14,0.307692307692308,0.352343059239611
16466,1,14,0.384615384615385,0.352343059239611
16607,1,14,0.461538461538462,0.352343059239611
16815,0,14,0.461538461538462,0.352343059239611
17006,0,14,0.384615384615385,0.352343059239611
17042,1,14,0.461538461538462,0.352343059239611
17054,0,14,0.461538461538462,0.352343059239611
17189,1,14,0.538461538461538,0.352343059239611
17482,1,14,0.538461538461538,0.352343059239611
17530,0,14,0.538461538461538,0.352343059239611
17575,0,14,0.615384615384615,0.352343059239611
17829,1,14,0.615384615384615,0.352343059239611
17957,0,14,0.538461538461538,0.352343059239611
18008,1,14,0.615384615384615,0.352343059239611
18046,1,14,0.538461538461538,0.352343059239611
18215,1,14,0.461538461538462,0.352343059239611
18261,1,14,0.538461538461538,0.352343059239611
18326,0,14,0.615384615384615,0.352343059239611
18359,0,14,0.538461538461538,0.352343059239611
18424,1,14,0.615384615384615,0.352343059239611
18611,0,14,0.538461538461538,0.352343059239611
18629,0,14,0.461538461538462,0.352343059239611
18764,1,14,0.384615384615385,0.352343059239611
18778,1,14,0.384615384615385,0.352343059239611
19038,0,14,0.384615384615385,0.352343059239611
19207,1,14,0.384615384615385,0.352343059239611
19374,0,14,0.307692307692308,0.352343059239611
19892,0,14,0.307692307692308,0.352343059239611
19914,0,14,0.384615384615385,0.352343059239611
20111,1,14,0.307692307692308,0.352343059239611
20525,0,14,0.230769230769231,0.352343059239611
20684,0,14,0.230769230769231,0.352343059239611
20704,0,14,0.153846153846154,0.352343059239611
20931,0,14,0.153846153846154,0.352343059239611
20961,1,14,0.153846153846154,0.352343059239611
20994,0,14,0.153846153846154,0.352343059239611
21161,0,14,0.0769230769230769,0.352343059239611
21171,0,14,0.0769230769230769,0.352343059239611
21181,0,14,0.0769230769230769,0.352343059239611
21192,0,14,0.0769230769230769,0.352343059239611
21644,0,14,0.0769230769230769,0.352343059239611
21791,0,14,0,0.352343059239611
21962,0,14,0.0769230769230769,0.352343059239611
22144,0,14,0.0769230769230769,0.352343059239611
22493,0,14,0.153846153846154,0.352343059239611
22549,0,14,0.153846153846154,0.352343059239611
22656,0,14,0.153846153846154,0.352343059239611
22819,0,14,0.230769230769231,0.352343059239611
23114,1,14,0.230769230769231,0.352343059239611
23136,0,14,0.230769230769231,0.352343059239611
23147,1,14,0.230769230769231,0.352343059239611
23379,0,14,0.307692307692308,0.352343059239611
23385,0,14,0.384615384615385,0.352343059239611
23439,1,14,0.384615384615385,0.352343059239611
23465,0,14,0.384615384615385,0.352343059239611
23551,0,14,0.307692307692308,0.352343059239611
114,0,13,0.384615384615385,0.246495726495727
166,1,13,0.384615384615385,0.246495726495727
226,1,13,0.461538461538462,0.246495726495727
312,0,13,0.461538461538462,0.246495726495727
341,0,13,0.384615384615385,0.246495726495727
429,0,13,0.384615384615385,0.246495726495727
441,1,13,0.384615384615385,0.246495726495727
564,1,13,0.384615384615385,0.246495726495727
619,1,13,0.384615384615385,0.246495726495727
645,0,13,0.307692307692308,0.246495726495727
773,0,13,0.384615384615385,0.246495726495727
780,0,13,0.384615384615385,0.246495726495727
789,0,13,0.384615384615385,0.246495726495727
918,0,13,0.307692307692308,0.246495726495727
1099,1,13,0.230769230769231,0.246495726495727
1158,0,13,0.230769230769231,0.246495726495727
1251,1,13,0.230769230769231,0.246495726495727
1283,0,13,0.230769230769231,0.246495726495727
1393,0,13,0.307692307692308,0.246495726495727
1561,0,13,0.307692307692308,0.246495726495727
1568,0,13,0.307692307692308,0.246495726495727
1669,1,13,0.230769230769231,0.246495726495727
1686,0,13,0.230769230769231,0.246495726495727
1750,0,13,0.153846153846154,0.246495726495727
1760,1,13,0.230769230769231,0.246495726495727
1792,0,13,0.230769230769231,0.246495726495727
1825,0,13,0.307692307692308,0.246495726495727
1877,0,13,0.307692307692308,0.246495726495727
2072,0,13,0.307692307692308,0.246495726495727
2102,0,13,0.307692307692308,0.246495726495727
2427,1,13,0.384615384615385,0.246495726495727
2578,0,13,0.307692307692308,0.246495726495727
2753,1,13,0.307692307692308,0.246495726495727
2903,0,13,0.307692307692308,0.246495726495727
3041,1,13,0.307692307692308,0.246495726495727
3089,0,13,0.384615384615385,0.246495726495727
3163,1,13,0.384615384615385,0.246495726495727
3182,0,13,0.307692307692308,0.246495726495727
3197,0,13,0.384615384615385,0.246495726495727
3298,0,13,0.307692307692308,0.246495726495727
3311,0,13,0.384615384615385,0.246495726495727
3501,1,13,0.307692307692308,0.246495726495727
3819,0,13,0.384615384615385,0.246495726495727
3970,0,13,0.307692307692308,0.246495726495727
3993,1,13,0.307692307692308,0.246495726495727
4113,0,13,0.307692307692308,0.246495726495727
4165,1,13,0.384615384615385,0.246495726495727
4287,0,13,0.461538461538462,0.246495726495727
4461,1,13,0.384615384615385,0.246495726495727
4601,0,13,0.461538461538462,0.246495726495727
4718,0,13,0.461538461538462,0.246495726495727
4797,0,13,0.384615384615385,0.246495726495727
4805,1,13,0.384615384615385,0.246495726495727
4836,1,13,0.307692307692308,0.246495726495727
4873,0,13,0.307692307692308,0.246495726495727
4951,1,13,0.307692307692308,0.246495726495727
4982,0,13,0.384615384615385,0.246495726495727
5067,0,13,0.461538461538462,0.246495726495727
5072,0,13,0.461538461538462,0.246495726495727
5192,0,13,0.384615384615385,0.246495726495727
5259,0,13,0.307692307692308,0.246495726495727
5265,1,13,0.384615384615385,0.246495726495727
5444,1,13,0.307692307692308,0.246495726495727
5525,1,13,0.307692307692308,0.246495726495727
5722,0,13,0.307692307692308,0.246495726495727
5779,0,13,0.307692307692308,0.246495726495727
5839,0,13,0.307692307692308,0.246495726495727
6011,1,13,0.307692307692308,0.246495726495727
6025,0,13,0.230769230769231,0.246495726495727
6131,0,13,0.153846153846154,0.246495726495727
6392,0,13,0.0769230769230769,0.246495726495727
6396,0,13,0.0769230769230769,0.246495726495727
6468,0,13,0.0769230769230769,0.246495726495727
6838,0,13,0.0769230769230769,0.246495726495727
7102,0,13,0.0769230769230769,0.246495726495727
7333,0,13,0.0769230769230769,0.246495726495727
7384,0,13,0.153846153846154,0.246495726495727
7512,0,13,0.153846153846154,0.246495726495727
7572,0,13,0.153846153846154,0.246495726495727
7726,0,13,0.153846153846154,0.246495726495727
8021,1,13,0.153846153846154,0.246495726495727
8666,0,13,0.153846153846154,0.246495726495727
9120,1,13,0.153846153846154,0.246495726495727
9247,0,13,0.153846153846154,0.246495726495727
9394,0,13,0.153846153846154,0.246495726495727
9539,0,13,0.153846153846154,0.246495726495727
9568,0,13,0.230769230769231,0.246495726495727
9572,0,13,0.153846153846154,0.246495726495727
9622,0,13,0.153846153846154,0.246495726495727
9810,0,13,0.0769230769230769,0.246495726495727
9848,0,13,0.0769230769230769,0.246495726495727
9903,0,13,0.0769230769230769,0.246495726495727
10061,1,13,0.0769230769230769,0.246495726495727
10151,0,13,0.153846153846154,0.246495726495727
10163,0,13,0.153846153846154,0.246495726495727
10486,0,13,0.230769230769231,0.246495726495727
10565,0,13,0.307692307692308,0.246495726495727
10576,0,13,0.307692307692308,0.246495726495727
10814,0,13,0.307692307692308,0.246495726495727
10879,1,13,0.307692307692308,0.246495726495727
11283,0,13,0.384615384615385,0.246495726495727
11574,1,13,0.384615384615385,0.246495726495727
11763,1,13,0.384615384615385,0.246495726495727
11777,0,13,0.384615384615385,0.246495726495727
11949,0,13,0.461538461538462,0.246495726495727
12024,1,13,0.461538461538462,0.246495726495727
12310,1,13,0.461538461538462,0.246495726495727
12322,0,13,0.538461538461538,0.246495726495727
12884,0,13,0.461538461538462,0.246495726495727
12924,0,13,0.384615384615385,0.246495726495727
12953,1,13,0.461538461538462,0.246495726495727
13372,0,13,0.538461538461538,0.246495726495727
13403,1,13,0.461538461538462,0.246495726495727
13435,1,13,0.384615384615385,0.246495726495727
13458,0,13,0.461538461538462,0.246495726495727
13571,0,13,0.461538461538462,0.246495726495727
13709,1,13,0.538461538461538,0.246495726495727
13719,1,13,0.538461538461538,0.246495726495727
13857,0,13,0.615384615384615,0.246495726495727
13901,0,13,0.538461538461538,0.246495726495727
13954,1,13,0.461538461538462,0.246495726495727
14223,0,13,0.461538461538462,0.246495726495727
14315,1,13,0.461538461538462,0.246495726495727
14502,1,13,0.384615384615385,0.246495726495727
14568,1,13,0.307692307692308,0.246495726495727
14774,0,13,0.384615384615385,0.246495726495727
14785,0,13,0.384615384615385,0.246495726495727
14792,0,13,0.307692307692308,0.246495726495727
14810,0,13,0.307692307692308,0.246495726495727
14929,0,13,0.230769230769231,0.246495726495727
15061,0,13,0.153846153846154,0.246495726495727
15096,1,13,0.0769230769230769,0.246495726495727
15147,0,13,0.0769230769230769,0.246495726495727
15189,0,13,0.0769230769230769,0.246495726495727
15350,0,13,0.153846153846154,0.246495726495727
15535,0,13,0.153846153846154,0.246495726495727
15583,0,13,0.230769230769231,0.246495726495727
15674,0,13,0.230769230769231,0.246495726495727
15712,0,13,0.153846153846154,0.246495726495727
15714,0,13,0.153846153846154,0.246495726495727
15750,1,13,0.153846153846154,0.246495726495727
15930,0,13,0.153846153846154,0.246495726495727
16091,1,13,0.153846153846154,0.246495726495727
16164,0,13,0.153846153846154,0.246495726495727
16324,0,13,0.230769230769231,0.246495726495727
16432,0,13,0.230769230769231,0.246495726495727
16521,0,13,0.230769230769231,0.246495726495727
16543,0,13,0.230769230769231,0.246495726495727
16580,0,13,0.230769230769231,0.246495726495727
16614,0,13,0.153846153846154,0.246495726495727
16660,1,13,0.153846153846154,0.246495726495727
16814,0,13,0.153846153846154,0.246495726495727
17020,0,13,0.153846153846154,0.246495726495727
17035,1,13,0.230769230769231,0.246495726495727
17079,0,13,0.307692307692308,0.246495726495727
17170,0,13,0.384615384615385,0.246495726495727
17257,0,13,0.384615384615385,0.246495726495727
17279,0,13,0.307692307692308,0.246495726495727
17717,0,13,0.307692307692308,0.246495726495727
17792,1,13,0.307692307692308,0.246495726495727
17834,1,13,0.307692307692308,0.246495726495727
18027,1,13,0.307692307692308,0.246495726495727
18138,0,13,0.307692307692308,0.246495726495727
18165,0,13,0.307692307692308,0.246495726495727
18235,0,13,0.307692307692308,0.246495726495727
18564,0,13,0.384615384615385,0.246495726495727
18586,1,13,0.307692307692308,0.246495726495727
18589,0,13,0.230769230769231,0.246495726495727
18617,0,13,0.153846153846154,0.246495726495727
18696,0,13,0.153846153846154,0.246495726495727
18752,0,13,0.153846153846154,0.246495726495727
19060,1,13,0.153846153846154,0.246495726495727
19097,0,13,0.230769230769231,0.246495726495727
19101,0,13,0.153846153846154,0.246495726495727
19105,0,13,0.153846153846154,0.246495726495727
19198,0,13,0.153846153846154,0.246495726495727
19295,0,13,0.153846153846154,0.246495726495727
19339,0,13,0.153846153846154,0.246495726495727
19392,1,13,0.0769230769230769,0.246495726495727
19542,0,13,0.0769230769230769,0.246495726495727
19584,0,13,0.0769230769230769,0.246495726495727
19687,0,13,0.153846153846154,0.246495726495727
19714,0,13,0.153846153846154,0.246495726495727
19805,0,13,0.153846153846154,0.246495726495727
19888,0,13,0.153846153846154,0.246495726495727
19894,0,13,0.0769230769230769,0.246495726495727
20364,0,13,0.153846153846154,0.246495726495727
20411,1,13,0.153846153846154,0.246495726495727
20462,0,13,0.153846153846154,0.246495726495727
20743,0,13,0.153846153846154,0.246495726495727
20813,0,13,0.153846153846154,0.246495726495727
20840,0,13,0.153846153846154,0.246495726495727
20873,1,13,0.153846153846154,0.246495726495727
20967,0,13,0.153846153846154,0.246495726495727
20980,0,13,0.0769230769230769,0.246495726495727
21035,0,13,0.0769230769230769,0.246495726495727
21054,0,13,0.0769230769230769,0.246495726495727
21106,0,13,0.0769230769230769,0.246495726495727
21223,0,13,0.0769230769230769,0.246495726495727
21224,0,13,0,0.246495726495727
21294,0,13,0,0.246495726495727
21377,0,13,0,0.246495726495727
21381,0,13,0,0.246495726495727
21405,0,13,0,0.246495726495727
21540,0,13,0,0.246495726495727
21698,0,13,0,0.246495726495727
21883,0,13,0,0.246495726495727
22044,0,13,0,0.246495726495727
22143,0,13,0,0.246495726495727
22357,0,13,0,0.246495726495727
22550,0,13,0.0769230769230769,0.246495726495727
22659,0,13,0.0769230769230769,0.246495726495727
22744,0,13,0.0769230769230769,0.246495726495727
22775,0,13,0.0769230769230769,0.246495726495727
22784,0,13,0.0769230769230769,0.246495726495727
22922,0,13,0.0769230769230769,0.246495726495727
22975,1,13,0.0769230769230769,0.246495726495727
23024,0,13,0.0769230769230769,0.246495726495727
23111,0,13,0.153846153846154,0.246495726495727
23164,0,13,0.153846153846154,0.246495726495727
23177,0,13,0.153846153846154,0.246495726495727
23245,0,13,0.153846153846154,0.246495726495727
23463,0,13,0.230769230769231,0.246495726495727
23507,0,13,0.153846153846154,0.246495726495727
23556,1,13,0.153846153846154,0.246495726495727
4,0,12,0.153846153846154,0.15134168157424
133,0,12,0.153846153846154,0.15134168157424
167,0,12,0.230769230769231,0.15134168157424
228,1,12,0.230769230769231,0.15134168157424
687,0,12,0.230769230769231,0.15134168157424
1241,0,12,0.230769230769231,0.15134168157424
1333,0,12,0.153846153846154,0.15134168157424
1499,0,12,0.153846153846154,0.15134168157424
1668,1,12,0.153846153846154,0.15134168157424
1696,0,12,0.153846153846154,0.15134168157424
1705,0,12,0.0769230769230769,0.15134168157424
1919,0,12,0.0769230769230769,0.15134168157424
2046,0,12,0.0769230769230769,0.15134168157424
2053,0,12,0.0769230769230769,0.15134168157424
2194,0,12,0.0769230769230769,0.15134168157424
2217,0,12,0,0.15134168157424
2331,0,12,0,0.15134168157424
2550,0,12,0,0.15134168157424
2745,0,12,0,0.15134168157424
2761,0,12,0,0.15134168157424
2790,0,12,0,0.15134168157424
2820,0,12,0,0.15134168157424
2958,0,12,0,0.15134168157424
3011,0,12,0,0.15134168157424
3016,0,12,0,0.15134168157424
3341,0,12,0,0.15134168157424
3376,0,12,0,0.15134168157424
3469,0,12,0.0769230769230769,0.15134168157424
3518,0,12,0.0769230769230769,0.15134168157424
3647,0,12,0.0769230769230769,0.15134168157424
3669,0,12,0.0769230769230769,0.15134168157424
3911,0,12,0.0769230769230769,0.15134168157424
4090,0,12,0.0769230769230769,0.15134168157424
4203,1,12,0.0769230769230769,0.15134168157424
4309,0,12,0.0769230769230769,0.15134168157424
4408,0,12,0.0769230769230769,0.15134168157424
4424,0,12,0.0769230769230769,0.15134168157424
4544,0,12,0.0769230769230769,0.15134168157424
4564,0,12,0.0769230769230769,0.15134168157424
4593,0,12,0.0769230769230769,0.15134168157424
4687,0,12,0,0.15134168157424
4870,0,12,0,0.15134168157424
4880,0,12,0,0.15134168157424
4972,0,12,0,0.15134168157424
5006,0,12,0,0.15134168157424
5008,0,12,0.0769230769230769,0.15134168157424
5206,0,12,0.0769230769230769,0.15134168157424
5221,0,12,0.0769230769230769,0.15134168157424
5285,0,12,0.0769230769230769,0.15134168157424
5413,0,12,0.0769230769230769,0.15134168157424
5554,0,12,0.0769230769230769,0.15134168157424
5575,1,12,0.0769230769230769,0.15134168157424
5651,0,12,0.0769230769230769,0.15134168157424
5844,0,12,0.0769230769230769,0.15134168157424
5852,0,12,0.0769230769230769,0.15134168157424
5875,0,12,0.0769230769230769,0.15134168157424
6103,0,12,0.0769230769230769,0.15134168157424
6296,0,12,0.0769230769230769,0.15134168157424
6378,0,12,0,0.15134168157424
6479,0,12,0,0.15134168157424
6606,0,12,0,0.15134168157424
6854,0,12,0.0769230769230769,0.15134168157424
6918,0,12,0.0769230769230769,0.15134168157424
6931,0,12,0.0769230769230769,0.15134168157424
6934,0,12,0.153846153846154,0.15134168157424
6993,0,12,0.153846153846154,0.15134168157424
7186,0,12,0.153846153846154,0.15134168157424
7193,1,12,0.153846153846154,0.15134168157424
7292,0,12,0.153846153846154,0.15134168157424
7294,0,12,0.153846153846154,0.15134168157424
7513,1,12,0.153846153846154,0.15134168157424
7536,0,12,0.153846153846154,0.15134168157424
7772,0,12,0.153846153846154,0.15134168157424
7795,0,12,0.153846153846154,0.15134168157424
7887,0,12,0.0769230769230769,0.15134168157424
7974,0,12,0.0769230769230769,0.15134168157424
8298,0,12,0.0769230769230769,0.15134168157424
8443,0,12,0,0.15134168157424
8463,0,12,0,0.15134168157424
8538,0,12,0,0.15134168157424
8699,0,12,0,0.15134168157424
9046,0,12,0.0769230769230769,0.15134168157424
9104,0,12,0.0769230769230769,0.15134168157424
9202,0,12,0.0769230769230769,0.15134168157424
9258,0,12,0.153846153846154,0.15134168157424
9274,0,12,0.153846153846154,0.15134168157424
9348,0,12,0.153846153846154,0.15134168157424
9555,1,12,0.153846153846154,0.15134168157424
9756,0,12,0.153846153846154,0.15134168157424
9830,0,12,0.153846153846154,0.15134168157424
9919,1,12,0.230769230769231,0.15134168157424
10137,0,12,0.307692307692308,0.15134168157424
10193,0,12,0.307692307692308,0.15134168157424
10196,0,12,0.384615384615385,0.15134168157424
10220,0,12,0.384615384615385,0.15134168157424
10282,0,12,0.384615384615385,0.15134168157424
10447,1,12,0.384615384615385,0.15134168157424
10600,1,12,0.307692307692308,0.15134168157424
10634,0,12,0.307692307692308,0.15134168157424
10863,1,12,0.307692307692308,0.15134168157424
10974,1,12,0.307692307692308,0.15134168157424
11011,0,12,0.307692307692308,0.15134168157424
11067,0,12,0.307692307692308,0.15134168157424
11203,0,12,0.230769230769231,0.15134168157424
11397,0,12,0.153846153846154,0.15134168157424
11514,0,12,0.230769230769231,0.15134168157424
11521,0,12,0.153846153846154,0.15134168157424
11768,0,12,0.0769230769230769,0.15134168157424
12083,0,12,0.153846153846154,0.15134168157424
12270,0,12,0.153846153846154,0.15134168157424
12303,0,12,0.230769230769231,0.15134168157424
12354,1,12,0.307692307692308,0.15134168157424
12357,0,12,0.307692307692308,0.15134168157424
12439,0,12,0.307692307692308,0.15134168157424
12547,1,12,0.307692307692308,0.15134168157424
12582,0,12,0.307692307692308,0.15134168157424
12934,1,12,0.307692307692308,0.15134168157424
13128,1,12,0.307692307692308,0.15134168157424
13168,0,12,0.307692307692308,0.15134168157424
13314,0,12,0.307692307692308,0.15134168157424
13375,0,12,0.307692307692308,0.15134168157424
13480,0,12,0.230769230769231,0.15134168157424
13504,0,12,0.230769230769231,0.15134168157424
13701,0,12,0.153846153846154,0.15134168157424
13786,1,12,0.153846153846154,0.15134168157424
14342,0,12,0.153846153846154,0.15134168157424
14379,0,12,0.153846153846154,0.15134168157424
14390,0,12,0.153846153846154,0.15134168157424
14709,0,12,0.153846153846154,0.15134168157424
14796,0,12,0.153846153846154,0.15134168157424
14844,1,12,0.153846153846154,0.15134168157424
14856,0,12,0.153846153846154,0.15134168157424
14918,0,12,0.230769230769231,0.15134168157424
15042,0,12,0.230769230769231,0.15134168157424
15273,0,12,0.230769230769231,0.15134168157424
15373,0,12,0.230769230769231,0.15134168157424
15867,0,12,0.230769230769231,0.15134168157424
15878,1,12,0.153846153846154,0.15134168157424
16154,1,12,0.153846153846154,0.15134168157424
16217,0,12,0.153846153846154,0.15134168157424
16309,0,12,0.153846153846154,0.15134168157424
16329,0,12,0.230769230769231,0.15134168157424
16359,0,12,0.230769230769231,0.15134168157424
16447,0,12,0.230769230769231,0.15134168157424
16487,0,12,0.153846153846154,0.15134168157424
16588,0,12,0.0769230769230769,0.15134168157424
16613,0,12,0.0769230769230769,0.15134168157424
16889,1,12,0.0769230769230769,0.15134168157424
16948,0,12,0.153846153846154,0.15134168157424
17172,0,12,0.153846153846154,0.15134168157424
17344,0,12,0.153846153846154,0.15134168157424
17492,0,12,0.153846153846154,0.15134168157424
17529,0,12,0.230769230769231,0.15134168157424
17570,0,12,0.307692307692308,0.15134168157424
17585,1,12,0.230769230769231,0.15134168157424
17724,0,12,0.230769230769231,0.15134168157424
17903,0,12,0.230769230769231,0.15134168157424
17913,0,12,0.230769230769231,0.15134168157424
18035,1,12,0.230769230769231,0.15134168157424
18043,1,12,0.230769230769231,0.15134168157424
18057,0,12,0.230769230769231,0.15134168157424
18226,0,12,0.153846153846154,0.15134168157424
18857,0,12,0.153846153846154,0.15134168157424
18933,0,12,0.153846153846154,0.15134168157424
19023,0,12,0.230769230769231,0.15134168157424
19259,0,12,0.153846153846154,0.15134168157424
19286,0,12,0.0769230769230769,0.15134168157424
19303,0,12,0.0769230769230769,0.15134168157424
19430,0,12,0.0769230769230769,0.15134168157424
19467,0,12,0.0769230769230769,0.15134168157424
19505,1,12,0.153846153846154,0.15134168157424
19751,0,12,0.153846153846154,0.15134168157424
19778,0,12,0.153846153846154,0.15134168157424
19830,0,12,0.153846153846154,0.15134168157424
19885,0,12,0.230769230769231,0.15134168157424
20104,0,12,0.230769230769231,0.15134168157424
20117,1,12,0.230769230769231,0.15134168157424
20130,0,12,0.153846153846154,0.15134168157424
20223,0,12,0.153846153846154,0.15134168157424
20412,0,12,0.153846153846154,0.15134168157424
20532,1,12,0.153846153846154,0.15134168157424
21004,0,12,0.153846153846154,0.15134168157424
21042,0,12,0.230769230769231,0.15134168157424
21144,0,12,0.153846153846154,0.15134168157424
21198,0,12,0.153846153846154,0.15134168157424
21200,0,12,0.153846153846154,0.15134168157424
21244,0,12,0.153846153846154,0.15134168157424
21387,0,12,0.0769230769230769,0.15134168157424
21527,1,12,0.0769230769230769,0.15134168157424
21655,0,12,0.0769230769230769,0.15134168157424
21687,0,12,0.0769230769230769,0.15134168157424
21782,0,12,0.0769230769230769,0.15134168157424
21912,0,12,0.0769230769230769,0.15134168157424
21921,0,12,0.153846153846154,0.15134168157424
21969,0,12,0.153846153846154,0.15134168157424
21996,0,12,0.0769230769230769,0.15134168157424
22120,0,12,0.0769230769230769,0.15134168157424
22165,0,12,0.0769230769230769,0.15134168157424
22291,0,12,0.0769230769230769,0.15134168157424
22355,1,12,0.0769230769230769,0.15134168157424
22471,0,12,0.0769230769230769,0.15134168157424
22486,0,12,0.153846153846154,0.15134168157424
22511,0,12,0.153846153846154,0.15134168157424
22535,0,12,0.153846153846154,0.15134168157424
22791,0,12,0.230769230769231,0.15134168157424
22967,0,12,0.307692307692308,0.15134168157424
23049,0,12,0.230769230769231,0.15134168157424
23204,1,12,0.307692307692308,0.15134168157424
23223,0,12,0.307692307692308,0.15134168157424
23291,0,12,0.307692307692308,0.15134168157424
23373,1,12,0.307692307692308,0.15134168157424
23466,1,12,0.307692307692308,0.15134168157424
23485,0,12,0.307692307692308,0.15134168157424
23500,1,12,0.307692307692308,0.15134168157424
23537,0,12,0.307692307692308,0.15134168157424
113,0,11,0.307692307692308,0.0245358090185676
756,0,11,0.307692307692308,0.0245358090185676
760,0,11,0.230769230769231,0.0245358090185676
1012,0,11,0.153846153846154,0.0245358090185676
1035,0,11,0.230769230769231,0.0245358090185676
1108,1,11,0.153846153846154,0.0245358090185676
1252,0,11,0.153846153846154,0.0245358090185676
1291,0,11,0.153846153846154,0.0245358090185676
1528,0,11,0.153846153846154,0.0245358090185676
1560,0,11,0.153846153846154,0.0245358090185676
1583,1,11,0.153846153846154,0.0245358090185676
2099,0,11,0.153846153846154,0.0245358090185676
2104,0,11,0.0769230769230769,0.0245358090185676
2181,0,11,0.0769230769230769,0.0245358090185676
2213,0,11,0.0769230769230769,0.0245358090185676
2390,0,11,0.0769230769230769,0.0245358090185676
2445,0,11,0.0769230769230769,0.0245358090185676
2455,0,11,0,0.0245358090185676
2471,0,11,0,0.0245358090185676
2792,0,11,0.0769230769230769,0.0245358090185676
2855,0,11,0.0769230769230769,0.0245358090185676
2932,0,11,0.0769230769230769,0.0245358090185676
2944,0,11,0.0769230769230769,0.0245358090185676
3001,0,11,0.0769230769230769,0.0245358090185676
3021,0,11,0.0769230769230769,0.0245358090185676
3028,1,11,0.0769230769230769,0.0245358090185676
3102,0,11,0.0769230769230769,0.0245358090185676
3451,0,11,0.0769230769230769,0.0245358090185676
3584,0,11,0.0769230769230769,0.0245358090185676
3656,0,11,0.0769230769230769,0.0245358090185676
3902,0,11,0.0769230769230769,0.0245358090185676
4005,0,11,0.0769230769230769,0.0245358090185676
4019,0,11,0.0769230769230769,0.0245358090185676
4316,0,11,0.0769230769230769,0.0245358090185676
4322,0,11,0.0769230769230769,0.0245358090185676
4392,0,11,0.0769230769230769,0.0245358090185676
4504,0,11,0.0769230769230769,0.0245358090185676
4794,0,11,0.0769230769230769,0.0245358090185676
4819,1,11,0.0769230769230769,0.0245358090185676
4890,0,11,0.0769230769230769,0.0245358090185676
4907,0,11,0.0769230769230769,0.0245358090185676
5010,0,11,0.0769230769230769,0.0245358090185676
5038,0,11,0.0769230769230769,0.0245358090185676
5281,0,11,0.0769230769230769,0.0245358090185676
5350,0,11,0.0769230769230769,0.0245358090185676
5519,0,11,0,0.0245358090185676
5645,0,11,0,0.0245358090185676
5855,0,11,0,0.0245358090185676
5936,0,11,0,0.0245358090185676
5947,0,11,0,0.0245358090185676
6054,0,11,0,0.0245358090185676
6087,0,11,0,0.0245358090185676
6094,0,11,0,0.0245358090185676
6434,0,11,0,0.0245358090185676
6449,0,11,0,0.0245358090185676
6475,0,11,0,0.0245358090185676
6579,0,11,0,0.0245358090185676
6729,0,11,0,0.0245358090185676
6821,0,11,0,0.0245358090185676
6898,0,11,0,0.0245358090185676
7024,0,11,0,0.0245358090185676
7037,0,11,0,0.0245358090185676
7104,0,11,0,0.0245358090185676
7273,0,11,0,0.0245358090185676
7375,0,11,0,0.0245358090185676
7561,0,11,0,0.0245358090185676
7811,0,11,0,0.0245358090185676
8228,0,11,0,0.0245358090185676
8391,0,11,0,0.0245358090185676
8408,0,11,0,0.0245358090185676
8500,0,11,0,0.0245358090185676
8718,0,11,0,0.0245358090185676
8811,0,11,0,0.0245358090185676
8853,0,11,0,0.0245358090185676
8897,0,11,0,0.0245358090185676
8922,0,11,0,0.0245358090185676
9019,0,11,0,0.0245358090185676
9278,0,11,0,0.0245358090185676
9322,0,11,0,0.0245358090185676
9468,0,11,0,0.0245358090185676
9504,0,11,0,0.0245358090185676
9825,0,11,0,0.0245358090185676
9849,0,11,0,0.0245358090185676
9938,0,11,0,0.0245358090185676
9971,0,11,0,0.0245358090185676
10048,0,11,0,0.0245358090185676
10064,0,11,0,0.0245358090185676
10081,0,11,0,0.0245358090185676
10235,0,11,0,0.0245358090185676
10303,0,11,0,0.0245358090185676
10521,0,11,0,0.0245358090185676
10907,0,11,0,0.0245358090185676
10961,0,11,0,0.0245358090185676
11046,0,11,0,0.0245358090185676
11207,0,11,0,0.0245358090185676
11347,0,11,0,0.0245358090185676
11405,0,11,0,0.0245358090185676
11454,0,11,0,0.0245358090185676
11556,0,11,0,0.0245358090185676
11557,0,11,0,0.0245358090185676
11632,0,11,0,0.0245358090185676
12112,0,11,0,0.0245358090185676
12125,0,11,0,0.0245358090185676
12248,0,11,0,0.0245358090185676
12311,0,11,0,0.0245358090185676
12349,0,11,0,0.0245358090185676
12533,0,11,0,0.0245358090185676
12638,0,11,0,0.0245358090185676
12929,0,11,0,0.0245358090185676
12981,0,11,0,0.0245358090185676
13224,0,11,0,0.0245358090185676
13242,0,11,0,0.0245358090185676
13350,0,11,0,0.0245358090185676
13427,0,11,0,0.0245358090185676
13614,0,11,0,0.0245358090185676
13939,0,11,0,0.0245358090185676
13941,0,11,0,0.0245358090185676
14438,0,11,0,0.0245358090185676
14673,0,11,0,0.0245358090185676
14688,0,11,0,0.0245358090185676
14750,0,11,0,0.0245358090185676
14777,0,11,0,0.0245358090185676
14857,0,11,0,0.0245358090185676
14880,0,11,0,0.0245358090185676
15045,0,11,0,0.0245358090185676
15306,0,11,0,0.0245358090185676
15361,0,11,0,0.0245358090185676
15431,0,11,0,0.0245358090185676
15459,0,11,0,0.0245358090185676
15511,0,11,0,0.0245358090185676
15572,0,11,0,0.0245358090185676
15622,0,11,0,0.0245358090185676
15856,0,11,0,0.0245358090185676
15880,0,11,0,0.0245358090185676
16042,0,11,0,0.0245358090185676
16073,0,11,0,0.0245358090185676
16108,0,11,0,0.0245358090185676
16365,0,11,0,0.0245358090185676
16445,0,11,0,0.0245358090185676
16790,0,11,0.0769230769230769,0.0245358090185676
16799,0,11,0.0769230769230769,0.0245358090185676
16810,0,11,0.0769230769230769,0.0245358090185676
17109,0,11,0.0769230769230769,0.0245358090185676
17245,0,11,0.0769230769230769,0.0245358090185676
17625,0,11,0.0769230769230769,0.0245358090185676
17807,1,11,0.0769230769230769,0.0245358090185676
18033,0,11,0.0769230769230769,0.0245358090185676
18055,0,11,0.0769230769230769,0.0245358090185676
18069,0,11,0.0769230769230769,0.0245358090185676
18187,0,11,0.0769230769230769,0.0245358090185676
18268,0,11,0.0769230769230769,0.0245358090185676
18360,0,11,0.0769230769230769,0.0245358090185676
18372,0,11,0,0.0245358090185676
18388,0,11,0,0.0245358090185676
18452,0,11,0,0.0245358090185676
18516,0,11,0,0.0245358090185676
18535,0,11,0,0.0245358090185676
18634,0,11,0,0.0245358090185676
18771,0,11,0,0.0245358090185676
18898,0,11,0,0.0245358090185676
19002,0,11,0,0.0245358090185676
19068,0,11,0,0.0245358090185676
19084,0,11,0,0.0245358090185676
19153,0,11,0,0.0245358090185676
19171,0,11,0,0.0245358090185676
19220,0,11,0,0.0245358090185676
19237,0,11,0,0.0245358090185676
19426,0,11,0,0.0245358090185676
19447,0,11,0,0.0245358090185676
19475,0,11,0,0.0245358090185676
19628,0,11,0,0.0245358090185676
19670,0,11,0,0.0245358090185676
19792,0,11,0,0.0245358090185676
19859,0,11,0,0.0245358090185676
19954,0,11,0,0.0245358090185676
20037,0,11,0,0.0245358090185676
20116,0,11,0,0.0245358090185676
20136,0,11,0,0.0245358090185676
20140,0,11,0,0.0245358090185676
20155,0,11,0,0.0245358090185676
20192,0,11,0,0.0245358090185676
20431,0,11,0,0.0245358090185676
20547,0,11,0,0.0245358090185676
20617,0,11,0,0.0245358090185676
20649,0,11,0,0.0245358090185676
20706,0,11,0,0.0245358090185676
20730,0,11,0,0.0245358090185676
20766,0,11,0,0.0245358090185676
20888,0,11,0,0.0245358090185676
20992,0,11,0,0.0245358090185676
21001,0,11,0,0.0245358090185676
21002,0,11,0,0.0245358090185676
21103,0,11,0,0.0245358090185676
21209,0,11,0,0.0245358090185676
21296,0,11,0,0.0245358090185676
21493,0,11,0,0.0245358090185676
21526,0,11,0,0.0245358090185676
21543,0,11,0,0.0245358090185676
21559,0,11,0,0.0245358090185676
21604,0,11,0,0.0245358090185676
21683,0,11,0,0.0245358090185676
21748,0,11,0,0.0245358090185676
21766,0,11,0,0.0245358090185676
21825,0,11,0,0.0245358090185676
21828,0,11,0,0.0245358090185676
21853,0,11,0,0.0245358090185676
21871,0,11,0,0.0245358090185676
21929,0,11,0,0.0245358090185676
21976,0,11,0,0.0245358090185676
22163,0,11,0,0.0245358090185676
22234,0,11,0,0.0245358090185676
22271,0,11,0,0.0245358090185676
22382,0,11,0,0.0245358090185676
22520,0,11,0,0.0245358090185676
22579,0,11,0,0.0245358090185676
22636,0,11,0,0.0245358090185676
22648,0,11,0,0.0245358090185676
22715,0,11,0,0.0245358090185676
22738,0,11,0,0.0245358090185676
22956,0,11,0,0.0245358090185676
23087,0,11,0,0.0245358090185676
23163,0,11,0,0.0245358090185676
23175,0,11,0,0.0245358090185676
23205,0,11,0,0.0245358090185676
23215,0,11,0,0.0245358090185676
23231,0,11,0,0.0245358090185676
23355,0,11,0,0.0245358090185676
23398,0,11,0,0.0245358090185676
23408,0,11,0,0.0245358090185676
23414,0,11,0,0.0245358090185676
23437,0,11,0,0.0245358090185676
23554,0,11,0,0.0245358090185676
256,0,10,0,0.00738007380073801
314,0,10,0,0.00738007380073801
353,0,10,0,0.00738007380073801
502,0,10,0,0.00738007380073801
947,0,10,0,0.00738007380073801
1295,0,10,0,0.00738007380073801
1343,0,10,0,0.00738007380073801
1377,0,10,0,0.00738007380073801
1585,0,10,0,0.00738007380073801
1605,0,10,0,0.00738007380073801
1631,0,10,0,0.00738007380073801
1655,0,10,0,0.00738007380073801
1663,0,10,0,0.00738007380073801
2224,0,10,0,0.00738007380073801
2289,0,10,0,0.00738007380073801
2361,0,10,0,0.00738007380073801
3106,0,10,0,0.00738007380073801
3299,0,10,0,0.00738007380073801
3318,0,10,0,0.00738007380073801
3487,0,10,0,0.00738007380073801
3567,0,10,0,0.00738007380073801
3580,0,10,0,0.00738007380073801
3660,0,10,0,0.00738007380073801
3820,0,10,0,0.00738007380073801
3874,0,10,0,0.00738007380073801
4096,0,10,0,0.00738007380073801
4854,0,10,0,0.00738007380073801
4875,0,10,0,0.00738007380073801
4979,0,10,0,0.00738007380073801
5439,0,10,0,0.00738007380073801
5461,0,10,0,0.00738007380073801
5674,0,10,0,0.00738007380073801
5837,0,10,0,0.00738007380073801
6304,0,10,0,0.00738007380073801
6381,0,10,0,0.00738007380073801
6848,0,10,0,0.00738007380073801
6999,0,10,0,0.00738007380073801
7021,0,10,0,0.00738007380073801
7093,0,10,0.0769230769230769,0.00738007380073801
7122,0,10,0.0769230769230769,0.00738007380073801
7158,0,10,0.0769230769230769,0.00738007380073801
7416,0,10,0.0769230769230769,0.00738007380073801
7467,0,10,0.0769230769230769,0.00738007380073801
7579,0,10,0.0769230769230769,0.00738007380073801
7587,1,10,0.0769230769230769,0.00738007380073801
7606,0,10,0.0769230769230769,0.00738007380073801
7636,0,10,0.0769230769230769,0.00738007380073801
7735,0,10,0.0769230769230769,0.00738007380073801
7764,0,10,0.0769230769230769,0.00738007380073801
7838,0,10,0.0769230769230769,0.00738007380073801
7937,0,10,0.0769230769230769,0.00738007380073801
7967,0,10,0,0.00738007380073801
8039,0,10,0,0.00738007380073801
8060,0,10,0,0.00738007380073801
8092,0,10,0,0.00738007380073801
8111,0,10,0,0.00738007380073801
8143,0,10,0,0.00738007380073801
8208,0,10,0,0.00738007380073801
8220,0,10,0,0.00738007380073801
8326,0,10,0,0.00738007380073801
8377,0,10,0,0.00738007380073801
8419,0,10,0,0.00738007380073801
8572,0,10,0,0.00738007380073801
8656,0,10,0,0.00738007380073801
8678,0,10,0,0.00738007380073801
8742,0,10,0,0.00738007380073801
8757,0,10,0,0.00738007380073801
8815,0,10,0,0.00738007380073801
8868,0,10,0,0.00738007380073801
8883,0,10,0,0.00738007380073801
8929,0,10,0,0.00738007380073801
8985,0,10,0,0.00738007380073801
8990,0,10,0,0.00738007380073801
9064,0,10,0,0.00738007380073801
9126,0,10,0,0.00738007380073801
9160,0,10,0,0.00738007380073801
9443,0,10,0,0.00738007380073801
9485,0,10,0,0.00738007380073801
9521,0,10,0,0.00738007380073801
9651,0,10,0,0.00738007380073801
9722,0,10,0,0.00738007380073801
9793,0,10,0,0.00738007380073801
9916,0,10,0,0.00738007380073801
9927,0,10,0,0.00738007380073801
10002,0,10,0,0.00738007380073801
10122,0,10,0,0.00738007380073801
10126,0,10,0,0.00738007380073801
10208,0,10,0,0.00738007380073801
10216,0,10,0,0.00738007380073801
10227,0,10,0,0.00738007380073801
10324,0,10,0,0.00738007380073801
10337,0,10,0,0.00738007380073801
10373,0,10,0,0.00738007380073801
10403,0,10,0,0.00738007380073801
10497,0,10,0,0.00738007380073801
10542,0,10,0,0.00738007380073801
10734,0,10,0,0.00738007380073801
10753,0,10,0,0.00738007380073801
10783,0,10,0,0.00738007380073801
10818,0,10,0,0.00738007380073801
10880,0,10,0,0.00738007380073801
10912,0,10,0,0.00738007380073801
10925,0,10,0,0.00738007380073801
10993,0,10,0,0.00738007380073801
11049,0,10,0,0.00738007380073801
11100,0,10,0,0.00738007380073801
11220,0,10,0,0.00738007380073801
11314,0,10,0,0.00738007380073801
11332,0,10,0,0.00738007380073801
11478,0,10,0,0.00738007380073801
11728,0,10,0,0.00738007380073801
11835,0,10,0,0.00738007380073801
11866,0,10,0,0.00738007380073801
12078,0,10,0,0.00738007380073801
12095,0,10,0,0.00738007380073801
12195,0,10,0,0.00738007380073801
12324,0,10,0,0.00738007380073801
12325,0,10,0,0.00738007380073801
12425,0,10,0,0.00738007380073801
12545,0,10,0,0.00738007380073801
12622,0,10,0,0.00738007380073801
12650,0,10,0,0.00738007380073801
12658,0,10,0,0.00738007380073801
12700,0,10,0,0.00738007380073801
12713,0,10,0,0.00738007380073801
12952,0,10,0,0.00738007380073801
12957,0,10,0,0.00738007380073801
13108,0,10,0,0.00738007380073801
13220,0,10,0,0.00738007380073801
13243,0,10,0,0.00738007380073801
13280,0,10,0,0.00738007380073801
13304,0,10,0,0.00738007380073801
13330,0,10,0,0.00738007380073801
13343,0,10,0,0.00738007380073801
13444,0,10,0,0.00738007380073801
13488,0,10,0,0.00738007380073801
13489,0,10,0,0.00738007380073801
13508,0,10,0,0.00738007380073801
13526,0,10,0,0.00738007380073801
13535,0,10,0,0.00738007380073801
13663,0,10,0,0.00738007380073801
13811,0,10,0,0.00738007380073801
13813,0,10,0,0.00738007380073801
13970,0,10,0,0.00738007380073801
14056,0,10,0.0769230769230769,0.00738007380073801
14092,0,10,0.0769230769230769,0.00738007380073801
14162,0,10,0.0769230769230769,0.00738007380073801
14222,0,10,0.0769230769230769,0.00738007380073801
14277,0,10,0.0769230769230769,0.00738007380073801
14441,0,10,0.0769230769230769,0.00738007380073801
14519,1,10,0.0769230769230769,0.00738007380073801
14548,0,10,0.0769230769230769,0.00738007380073801
14689,0,10,0.0769230769230769,0.00738007380073801
14728,0,10,0.0769230769230769,0.00738007380073801
14801,0,10,0.0769230769230769,0.00738007380073801
14862,0,10,0.0769230769230769,0.00738007380073801
15003,0,10,0.0769230769230769,0.00738007380073801
15025,0,10,0,0.00738007380073801
15165,0,10,0,0.00738007380073801
15239,0,10,0,0.00738007380073801
15286,0,10,0,0.00738007380073801
15343,0,10,0,0.00738007380073801
15442,0,10,0,0.00738007380073801
15631,0,10,0,0.00738007380073801
15743,0,10,0,0.00738007380073801
15902,0,10,0,0.00738007380073801
15914,0,10,0,0.00738007380073801
16058,0,10,0,0.00738007380073801
16208,0,10,0,0.00738007380073801
16307,0,10,0,0.00738007380073801
16451,0,10,0,0.00738007380073801
16470,0,10,0,0.00738007380073801
16491,0,10,0,0.00738007380073801
16557,0,10,0,0.00738007380073801
16593,0,10,0,0.00738007380073801
16632,0,10,0,0.00738007380073801
16677,0,10,0,0.00738007380073801
16779,0,10,0,0.00738007380073801
16882,0,10,0,0.00738007380073801
16930,0,10,0,0.00738007380073801
17029,0,10,0,0.00738007380073801
17068,0,10,0,0.00738007380073801
17115,0,10,0,0.00738007380073801
17145,0,10,0,0.00738007380073801
17155,0,10,0,0.00738007380073801
17163,0,10,0,0.00738007380073801
17217,0,10,0,0.00738007380073801
17327,0,10,0,0.00738007380073801
17358,0,10,0,0.00738007380073801
17474,0,10,0,0.00738007380073801
17534,0,10,0,0.00738007380073801
17681,0,10,0,0.00738007380073801
17818,0,10,0,0.00738007380073801
17850,0,10,0,0.00738007380073801
17987,0,10,0,0.00738007380073801
18012,0,10,0,0.00738007380073801
18028,0,10,0,0.00738007380073801
18048,0,10,0,0.00738007380073801
18083,0,10,0,0.00738007380073801
18150,0,10,0,0.00738007380073801
18198,0,10,0,0.00738007380073801
18249,0,10,0,0.00738007380073801
18329,0,10,0,0.00738007380073801
18418,0,10,0,0.00738007380073801
18552,0,10,0,0.00738007380073801
18672,0,10,0,0.00738007380073801
18802,0,10,0,0.00738007380073801
18841,0,10,0,0.00738007380073801
18891,0,10,0,0.00738007380073801
18919,0,10,0,0.00738007380073801
18948,0,10,0,0.00738007380073801
18950,0,10,0,0.00738007380073801
18985,0,10,0,0.00738007380073801
19067,0,10,0,0.00738007380073801
19128,0,10,0,0.00738007380073801
19183,0,10,0,0.00738007380073801
19515,0,10,0,0.00738007380073801
19559,0,10,0,0.00738007380073801
19615,0,10,0,0.00738007380073801
19647,0,10,0,0.00738007380073801
19685,0,10,0,0.00738007380073801
19700,0,10,0,0.00738007380073801
19730,0,10,0,0.00738007380073801
19755,0,10,0,0.00738007380073801
19775,0,10,0,0.00738007380073801
19817,0,10,0,0.00738007380073801
19880,0,10,0,0.00738007380073801
19886,0,10,0,0.00738007380073801
20096,0,10,0,0.00738007380073801
20133,0,10,0,0.00738007380073801
20354,0,10,0,0.00738007380073801
20390,0,10,0,0.00738007380073801
20491,0,10,0,0.00738007380073801
20592,0,10,0,0.00738007380073801
20723,0,10,0,0.00738007380073801
20768,0,10,0,0.00738007380073801
20799,0,10,0,0.00738007380073801
20820,0,10,0,0.00738007380073801
20828,0,10,0,0.00738007380073801
20876,0,10,0,0.00738007380073801
20913,0,10,0,0.00738007380073801
21022,0,10,0,0.00738007380073801
21131,0,10,0,0.00738007380073801
21275,0,10,0,0.00738007380073801
21307,0,10,0,0.00738007380073801
21409,0,10,0,0.00738007380073801
21574,0,10,0,0.00738007380073801
21594,0,10,0,0.00738007380073801
21652,0,10,0,0.00738007380073801
21784,0,10,0,0.00738007380073801
21802,0,10,0,0.00738007380073801
21939,0,10,0,0.00738007380073801
21948,0,10,0,0.00738007380073801
22133,0,10,0,0.00738007380073801
22212,0,10,0,0.00738007380073801
22303,0,10,0,0.00738007380073801
22434,0,10,0,0.00738007380073801
22566,0,10,0,0.00738007380073801
22728,0,10,0,0.00738007380073801
22761,0,10,0,0.00738007380073801
22867,0,10,0,0.00738007380073801
22875,0,10,0,0.00738007380073801
22926,0,10,0,0.00738007380073801
22986,0,10,0,0.00738007380073801
23062,0,10,0,0.00738007380073801
23202,0,10,0,0.00738007380073801
23243,0,10,0,0.00738007380073801
23277,0,10,0,0.00738007380073801
23303,0,10,0,0.00738007380073801
23330,0,10,0,0.00738007380073801
23523,0,10,0,0.00738007380073801
21,0,9,0,0
181,0,9,0,0
350,0,9,0,0
367,0,9,0,0
489,0,9,0,0
542,0,9,0,0
558,0,9,0,0
562,0,9,0,0
703,0,9,0,0
755,0,9,0,0
775,0,9,0,0
899,0,9,0,0
958,0,9,0,0
1014,0,9,0,0
1131,0,9,0,0
1188,0,9,0,0
1223,0,9,0,0
1302,0,9,0,0
1322,0,9,0,0
1350,0,9,0,0
1402,0,9,0,0
1483,0,9,0,0
1640,0,9,0,0
1664,0,9,0,0
1758,0,9,0,0
1828,0,9,0,0
1839,0,9,0,0
1928,0,9,0,0
1944,0,9,0,0
1956,0,9,0,0
2161,0,9,0,0
2274,0,9,0,0
2379,0,9,0,0
2508,0,9,0,0
2541,0,9,0,0
2725,0,9,0,0
2786,0,9,0,0
2904,0,9,0,0
2983,0,9,0,0
3005,0,9,0,0
3219,0,9,0,0
3322,0,9,0,0
3403,0,9,0,0
3467,0,9,0,0
3805,0,9,0,0
3876,0,9,0,0
3965,0,9,0,0
4101,0,9,0,0
4198,0,9,0,0
4288,0,9,0,0
4374,0,9,0,0
4427,0,9,0,0
4446,0,9,0,0
4465,0,9,0,0
4486,0,9,0,0
4644,0,9,0,0
4717,0,9,0,0
4762,0,9,0,0
4768,0,9,0,0
4822,0,9,0,0
4930,0,9,0,0
4947,0,9,0,0
4963,0,9,0,0
5047,0,9,0,0
5130,0,9,0,0
5302,0,9,0,0
5309,0,9,0,0
5312,0,9,0,0
5330,0,9,0,0
5353,0,9,0,0
5451,0,9,0,0
5595,0,9,0,0
5615,0,9,0,0
5717,0,9,0,0
5746,0,9,0,0
5940,0,9,0,0
5990,0,9,0,0
6002,0,9,0,0
6102,0,9,0,0
6142,0,9,0,0
6427,0,9,0,0
6444,0,9,0,0
6497,0,9,0,0
6528,0,9,0,0
6537,0,9,0,0
6559,0,9,0,0
6601,0,9,0,0
6682,0,9,0,0
6760,0,9,0,0
6827,0,9,0,0
7136,0,9,0,0
7162,0,9,0,0
7204,0,9,0,0
7216,0,9,0,0
7305,0,9,0,0
7313,0,9,0,0
7361,0,9,0,0
7367,0,9,0,0
7401,0,9,0,0
7409,0,9,0,0
7423,0,9,0,0
7449,0,9,0,0
7460,0,9,0,0
7517,0,9,0,0
7675,0,9,0,0
7830,0,9,0,0
7881,0,9,0,0
8081,0,9,0,0
8222,0,9,0,0
8343,0,9,0,0
8429,0,9,0,0
8573,0,9,0,0
8686,0,9,0,0
8700,0,9,0,0
8769,0,9,0,0
8791,0,9,0,0
8879,0,9,0,0
8944,0,9,0,0
9197,0,9,0,0
9251,0,9,0,0
9267,0,9,0,0
9333,0,9,0,0
9442,0,9,0,0
9454,0,9,0,0
9611,0,9,0,0
9770,0,9,0,0
9786,0,9,0,0
9858,0,9,0,0
9878,0,9,0,0
9926,0,9,0,0
9958,0,9,0,0
10020,0,9,0,0
10145,0,9,0,0
10299,0,9,0,0
10351,0,9,0,0
10386,0,9,0,0
10453,0,9,0,0
10476,0,9,0,0
10559,0,9,0,0
11018,0,9,0,0
11032,0,9,0,0
11179,0,9,0,0
11258,0,9,0,0
11379,0,9,0,0
11437,0,9,0,0
11445,0,9,0,0
11496,0,9,0,0
11512,0,9,0,0
11613,0,9,0,0
11789,0,9,0,0
11807,0,9,0,0
11924,0,9,0,0
11946,0,9,0,0
11971,0,9,0,0
12061,0,9,0,0
12123,0,9,0,0
12161,0,9,0,0
12410,0,9,0,0
12432,0,9,0,0
12499,0,9,0,0
12609,0,9,0,0
12702,0,9,0,0
12733,0,9,0,0
12784,0,9,0,0
12861,0,9,0,0
12940,0,9,0,0
13028,0,9,0,0
13103,0,9,0,0
13141,0,9,0,0
13142,0,9,0,0
13158,0,9,0,0
13177,0,9,0,0
13234,0,9,0,0
13339,0,9,0,0
13357,0,9,0,0
13413,0,9,0,0
13559,0,9,0,0
13580,0,9,0,0
13598,0,9,0,0
13616,0,9,0,0
13679,0,9,0,0
13698,0,9,0,0
13764,0,9,0,0
13794,0,9,0,0
13802,0,9,0,0
13924,0,9,0,0
13978,0,9,0,0
14021,0,9,0,0
14029,0,9,0,0
14045,0,9,0,0
14093,0,9,0,0
14206,0,9,0,0
14211,0,9,0,0
14243,0,9,0,0
14382,0,9,0,0
14501,0,9,0,0
14503,0,9,0,0
14593,0,9,0,0
14674,0,9,0,0
14742,0,9,0,0
14769,0,9,0,0
14770,0,9,0,0
14828,0,9,0,0
14845,0,9,0,0
14877,0,9,0,0
15078,0,9,0,0
15191,0,9,0,0
15222,0,9,0,0
15250,0,9,0,0
15387,0,9,0,0
15394,0,9,0,0
15477,0,9,0,0
15664,0,9,0,0
15696,0,9,0,0
15765,0,9,0,0
15793,0,9,0,0
15813,0,9,0,0
15861,0,9,0,0
16112,0,9,0,0
16189,0,9,0,0
16293,0,9,0,0
16348,0,9,0,0
16362,0,9,0,0
16525,0,9,0,0
16571,0,9,0,0
16761,0,9,0,0
16830,0,9,0,0
16871,0,9,0,0
16975,0,9,0,0
17074,0,9,0,0
17184,0,9,0,0
17297,0,9,0,0
17311,0,9,0,0
17402,0,9,0,0
17460,0,9,0,0
17714,0,9,0,0
17841,0,9,0,0
18038,0,9,0,0
18289,0,9,0,0
18576,0,9,0,0
18596,0,9,0,0
18640,0,9,0,0
18687,0,9,0,0
18711,0,9,0,0
18733,0,9,0,0
18756,0,9,0,0
18806,0,9,0,0
18913,0,9,0,0
18935,0,9,0,0
18977,0,9,0,0
19079,0,9,0,0
19175,0,9,0,0
19270,0,9,0,0
19332,0,9,0,0
19360,0,9,0,0
19375,0,9,0,0
19443,0,9,0,0
19458,0,9,0,0
19593,0,9,0,0
19841,0,9,0,0
19938,0,9,0,0
19988,0,9,0,0
20219,0,9,0,0
20285,0,9,0,0
20350,0,9,0,0
20414,0,9,0,0
20459,0,9,0,0
20582,0,9,0,0
20626,0,9,0,0
20678,0,9,0,0
20683,0,9,0,0
20947,0,9,0,0
21008,0,9,0,0
21066,0,9,0,0
21128,0,9,0,0
21137,0,9,0,0
21242,0,9,0,0
21262,0,9,0,0
21320,0,9,0,0
21361,0,9,0,0
21419,0,9,0,0
21436,0,9,0,0
21456,0,9,0,0
21630,0,9,0,0
21646,0,9,0,0
21699,0,9,0,0
21715,0,9,0,0
21850,0,9,0,0
21862,0,9,0,0
21864,0,9,0,0
22033,0,9,0,0
22050,0,9,0,0
22097,0,9,0,0
22226,0,9,0,0
22286,0,9,0,0
22292,0,9,0,0
22320,0,9,0,0
22402,0,9,0,0
22894,0,9,0,0
22972,0,9,0,0
23168,0,9,0,0
23181,0,9,0,0
23328,0,9,0,0
23378,0,9,0,0
23418,0,9,0,0
23506,0,9,0,0
23569,0,9,0,0
60,0,8,0,0
131,0,8,0,0
473,0,8,0,0
719,0,8,0,0
816,0,8,0,0
1034,0,8,0,0
1150,0,8,0,0
1174,0,8,0,0
1209,0,8,0,0
1240,0,8,0,0
1265,0,8,0,0
1317,0,8,0,0
1544,0,8,0,0
1627,0,8,0,0
1712,0,8,0,0
1727,0,8,0,0
1809,0,8,0,0
1858,0,8,0,0
2142,0,8,0,0
2199,0,8,0,0
2202,0,8,0,0
2272,0,8,0,0
2398,0,8,0,0
2610,0,8,0,0
2625,0,8,0,0
2813,0,8,0,0
3030,0,8,0,0
3112,0,8,0,0
3158,0,8,0,0
3199,0,8,0,0
3268,0,8,0,0
3287,0,8,0,0
3438,0,8,0,0
3556,0,8,0,0
3674,0,8,0,0
3726,0,8,0,0
3775,0,8,0,0
3853,0,8,0,0
4124,0,8,0,0
4231,0,8,0,0
4630,0,8,0,0
4749,0,8,0,0
4791,0,8,0,0
4892,0,8,0,0
5022,0,8,0,0
5048,0,8,0,0
5089,0,8,0,0
5105,0,8,0,0
5156,0,8,0,0
5316,0,8,0,0
5390,0,8,0,0
5467,0,8,0,0
5558,0,8,0,0
5597,0,8,0,0
5664,0,8,0,0
5770,0,8,0,0
5957,0,8,0,0
6119,0,8,0,0
6178,0,8,0,0
6228,0,8,0,0
6262,0,8,0,0
6293,0,8,0,0
6481,0,8,0,0
6518,0,8,0,0
7017,0,8,0,0
7112,0,8,0,0
7198,0,8,0,0
7231,0,8,0,0
7260,0,8,0,0
7422,0,8,0,0
7484,0,8,0,0
7647,0,8,0,0
7661,0,8,0,0
7694,0,8,0,0
7889,0,8,0,0
7898,0,8,0,0
7982,0,8,0,0
8001,0,8,0,0
8157,0,8,0,0
8221,0,8,0,0
8542,0,8,0,0
8560,0,8,0,0
8592,0,8,0,0
8613,0,8,0,0
8720,0,8,0,0
8964,0,8,0,0
9041,0,8,0,0
9109,0,8,0,0
9288,0,8,0,0
9303,0,8,0,0
9305,0,8,0,0
9873,0,8,0,0
9985,0,8,0,0
10189,0,8,0,0
10260,0,8,0,0
10279,0,8,0,0
10438,0,8,0,0
10492,0,8,0,0
10593,0,8,0,0
10676,0,8,0,0
10861,0,8,0,0
11014,0,8,0,0
11122,0,8,0,0
11147,0,8,0,0
11165,0,8,0,0
11185,0,8,0,0
11239,0,8,0,0
11319,0,8,0,0
11339,0,8,0,0
11553,0,8,0,0
11662,0,8,0,0
11688,0,8,0,0
11742,0,8,0,0
11963,0,8,0,0
12162,0,8,0,0
12327,0,8,0,0
12380,0,8,0,0
12442,0,8,0,0
12520,0,8,0,0
12565,0,8,0,0
12739,0,8,0,0
12853,0,8,0,0
12868,0,8,0,0
12962,0,8,0,0
12989,0,8,0,0
13150,0,8,0,0
13188,0,8,0,0
13454,0,8,0,0
13547,0,8,0,0
13617,0,8,0,0
13648,0,8,0,0
13726,0,8,0,0
13844,0,8,0,0
13869,0,8,0,0
13917,0,8,0,0
13995,0,8,0,0
14148,0,8,0,0
14187,0,8,0,0
14353,0,8,0,0
14401,0,8,0,0
14698,0,8,0,0
14743,0,8,0,0
14891,0,8,0,0
14946,0,8,0,0
15046,0,8,0,0
15272,0,8,0,0
15405,0,8,0,0
15499,0,8,0,0
15739,0,8,0,0
15827,0,8,0,0
15839,0,8,0,0
15933,0,8,0,0
15997,0,8,0,0
16178,0,8,0,0
16285,0,8,0,0
16292,0,8,0,0
16386,0,8,0,0
16417,0,8,0,0
16514,0,8,0,0
16618,0,8,0,0
16662,0,8,0,0
16845,0,8,0,0
16898,0,8,0,0
16957,0,8,0,0
16992,0,8,0,0
17167,0,8,0,0
17278,0,8,0,0
17446,0,8,0,0
17660,0,8,0,0
17732,0,8,0,0
17795,0,8,0,0
17862,0,8,0,0
17942,0,8,0,0
18096,0,8,0,0
18116,0,8,0,0
18135,0,8,0,0
18232,0,8,0,0
18272,0,8,0,0
18341,0,8,0,0
18356,0,8,0,0
18469,0,8,0,0
18502,0,8,0,0
18652,0,8,0,0
18705,0,8,0,0
18785,0,8,0,0
18819,0,8,0,0
18827,0,8,0,0
18875,0,8,0,0
18964,0,8,0,0
19110,0,8,0,0
19131,0,8,0,0
19240,0,8,0,0
19315,0,8,0,0
19422,0,8,0,0
19562,0,8,0,0
19579,0,8,0,0
19757,0,8,0,0
19873,0,8,0,0
19878,0,8,0,0
19902,0,8,0,0
19924,0,8,0,0
19970,0,8,0,0
20055,0,8,0,0
20150,0,8,0,0
20181,0,8,0,0
20271,0,8,0,0
20299,0,8,0,0
20473,0,8,0,0
20565,0,8,0,0
20601,0,8,0,0
20637,0,8,0,0
20862,0,8,0,0
20970,0,8,0,0
21071,0,8,0,0
21351,0,8,0,0
21557,0,8,0,0
21572,0,8,0,0
21587,0,8,0,0
21602,0,8,0,0
21617,0,8,0,0
21729,0,8,0,0
21879,0,8,0,0
21943,0,8,0,0
21960,0,8,0,0
22065,0,8,0,0
22109,0,8,0,0
22198,0,8,0,0
22243,0,8,0,0
22254,0,8,0,0
22449,0,8,0,0
22503,0,8,0,0
22548,0,8,0,0
22623,0,8,0,0
22690,0,8,0,0
22835,0,8,0,0
23011,0,8,0,0
23027,0,8,0,0
23078,0,8,0,0
23123,0,8,0,0
23140,0,8,0,0
23343,0,8,0,0
23448,0,8,0,0
23509,0,8,0,0
86,0,7,0,0
112,0,7,0,0
234,0,7,0,0
408,0,7,0,0
621,0,7,0,0
636,0,7,0,0
675,0,7,0,0
736,0,7,0,0
834,0,7,0,0
857,0,7,0,0
858,0,7,0,0
1050,0,7,0,0
1280,0,7,0,0
1380,0,7,0,0
1425,0,7,0,0
1463,0,7,0,0
1480,0,7,0,0
1504,0,7,0,0
1739,0,7,0,0
1908,0,7,0,0
2109,0,7,0,0
2127,0,7,0,0
2235,0,7,0,0
2254,0,7,0,0
2294,0,7,0,0
2478,0,7,0,0
2537,0,7,0,0
2563,0,7,0,0
2568,0,7,0,0
2845,0,7,0,0
2961,0,7,0,0
3171,0,7,0,0
3183,0,7,0,0
3242,0,7,0,0
3312,0,7,0,0
3444,0,7,0,0
3510,0,7,0,0
3612,0,7,0,0
3704,0,7,0,0
3755,0,7,0,0
4167,0,7,0,0
4349,0,7,0,0
4379,0,7,0,0
4513,0,7,0,0
4525,0,7,0,0
4911,0,7,0,0
4965,0,7,0,0
4987,0,7,0,0
5215,0,7,0,0
5579,0,7,0,0
5646,0,7,0,0
5719,0,7,0,0
5802,0,7,0,0
5817,0,7,0,0
5873,0,7,0,0
5903,0,7,0,0
5922,0,7,0,0
5972,0,7,0,0
6044,0,7,0,0
6211,0,7,0,0
6504,0,7,0,0
6631,0,7,0,0
6673,0,7,0,0
6892,0,7,0,0
6967,0,7,0,0
7040,0,7,0,0
7050,0,7,0,0
7071,0,7,0,0
7244,0,7,0,0
7276,0,7,0,0
7330,0,7,0,0
7442,0,7,0,0
7500,0,7,0,0
7520,0,7,0,0
7601,0,7,0,0
7710,0,7,0,0
7847,0,7,0,0
7916,0,7,0,0
7948,0,7,0,0
7960,0,7,0,0
8135,0,7,0,0
8173,0,7,0,0
8249,0,7,0,0
8364,0,7,0,0
8444,0,7,0,0
8502,0,7,0,0
8516,0,7,0,0
8527,0,7,0,0
8628,0,7,0,0
8816,0,7,0,0
8839,0,7,0,0
8881,0,7,0,0
9142,0,7,0,0
9175,0,7,0,0
9204,0,7,0,0
9211,0,7,0,0
9365,0,7,0,0
9389,0,7,0,0
9420,0,7,0,0
9525,0,7,0,0
9554,0,7,0,0
9734,0,7,0,0
9842,0,7,0,0
9887,0,7,0,0
9895,0,7,0,0
9911,0,7,0,0
9987,0,7,0,0
10057,0,7,0,0
10162,0,7,0,0
10178,0,7,0,0
10296,0,7,0,0
10440,0,7,0,0
10506,0,7,0,0
10627,0,7,0,0
10642,0,7,0,0
10707,0,7,0,0
10722,0,7,0,0
10830,0,7,0,0
10844,0,7,0,0
10957,0,7,0,0
11198,0,7,0,0
11221,0,7,0,0
11448,0,7,0,0
11578,0,7,0,0
11593,0,7,0,0
11626,0,7,0,0
11673,0,7,0,0
11679,0,7,0,0
11709,0,7,0,0
11762,0,7,0,0
11871,0,7,0,0
11888,0,7,0,0
12018,0,7,0,0
12037,0,7,0,0
12124,0,7,0,0
12283,0,7,0,0
12305,0,7,0,0
12345,0,7,0,0
12393,0,7,0,0
12463,0,7,0,0
12485,0,7,0,0
12673,0,7,0,0
12687,0,7,0,0
12833,0,7,0,0
12849,0,7,0,0
13041,0,7,0,0
13068,0,7,0,0
13123,0,7,0,0
13257,0,7,0,0
13322,0,7,0,0
13391,0,7,0,0
13476,0,7,0,0
13771,0,7,0,0
14013,0,7,0,0
14050,0,7,0,0
14088,0,7,0,0
14111,0,7,0,0
14131,0,7,0,0
14313,0,7,0,0
14331,0,7,0,0
14439,0,7,0,0
14456,0,7,0,0
14489,0,7,0,0
14520,0,7,0,0
14647,0,7,0,0
14660,0,7,0,0
14706,0,7,0,0
14757,0,7,0,0
14976,0,7,0,0
15291,0,7,0,0
15322,0,7,0,0
15560,0,7,0,0
15599,0,7,0,0
15648,0,7,0,0
15725,0,7,0,0
15728,0,7,0,0
15823,0,7,0,0
15883,0,7,0,0
15948,0,7,0,0
15963,0,7,0,0
16011,0,7,0,0
16087,0,7,0,0
16146,0,7,0,0
16261,0,7,0,0
16507,0,7,0,0
16745,0,7,0,0
16910,0,7,0,0
16921,0,7,0,0
16942,0,7,0,0
17093,0,7,0,0
17131,0,7,0,0
17202,0,7,0,0
17232,0,7,0,0
17351,0,7,0,0
17417,0,7,0,0
17436,0,7,0,0
17517,0,7,0,0
17566,0,7,0,0
17598,0,7,0,0
17698,0,7,0,0
17769,0,7,0,0
17782,0,7,0,0
17901,0,7,0,0
17950,0,7,0,0
17960,0,7,0,0
18002,0,7,0,0
18066,0,7,0,0
18166,0,7,0,0
18183,0,7,0,0
18213,0,7,0,0
18310,0,7,0,0
18402,0,7,0,0
18434,0,7,0,0
18484,0,7,0,0
18723,0,7,0,0
18770,0,7,0,0
18856,0,7,0,0
18914,0,7,0,0
19042,0,7,0,0
19255,0,7,0,0
19390,0,7,0,0
19410,0,7,0,0
19478,0,7,0,0
19496,0,7,0,0
19530,0,7,0,0
19611,0,7,0,0
19631,0,7,0,0
20004,0,7,0,0
20015,0,7,0,0
20028,0,7,0,0
20072,0,7,0,0
20168,0,7,0,0
20205,0,7,0,0
20239,0,7,0,0
20255,0,7,0,0
20315,0,7,0,0
20330,0,7,0,0
20380,0,7,0,0
20396,0,7,0,0
20445,0,7,0,0
20512,0,7,0,0
20545,0,7,0,0
20666,0,7,0,0
20693,0,7,0,0
20747,0,7,0,0
20787,0,7,0,0
20841,0,7,0,0
20900,0,7,0,0
21088,0,7,0,0
21118,0,7,0,0
21150,0,7,0,0
21164,0,7,0,0
21177,0,7,0,0
21288,0,7,0,0
21334,0,7,0,0
21479,0,7,0,0
21511,0,7,0,0
21661,0,7,0,0
21899,0,7,0,0
22012,0,7,0,0
22025,0,7,0,0
22037,0,7,0,0
22077,0,7,0,0
22095,0,7,0,0
22119,0,7,0,0
22146,0,7,0,0
22180,0,7,0,0
22317,0,7,0,0
22334,0,7,0,0
22370,0,7,0,0
22416,0,7,0,0
22465,0,7,0,0
22485,0,7,0,0
22593,0,7,0,0
22608,0,7,0,0
22673,0,7,0,0
22807,0,7,0,0
22853,0,7,0,0
22911,0,7,0,0
22983,0,7,0,0
22995,0,7,0,0
23092,0,7,0,0
23106,0,7,0,0
23160,0,7,0,0
23261,0,7,0,0
23316,0,7,0,0
23432,0,7,0,0
23482,0,7,0,0
18,0,6,0,0
198,0,6,0,0
243,0,6,0,0
281,0,6,0,0
297,0,6,0,0
333,0,6,0,0
425,0,6,0,0
440,0,6,0,0
516,0,6,0,0
581,0,6,0,0
875,0,6,0,0
936,0,6,0,0
974,0,6,0,0
989,0,6,0,0
1062,0,6,0,0
1080,0,6,0,0
1115,0,6,0,0
1117,0,6,0,0
1446,0,6,0,0
1518,0,6,0,0
1783,0,6,0,0
1894,0,6,0,0
1971,0,6,0,0
2005,0,6,0,0
2030,0,6,0,0
2087,0,6,0,0
2180,0,6,0,0
2198,0,6,0,0
2363,0,6,0,0
2442,0,6,0,0
2574,0,6,0,0
2681,0,6,0,0
2697,0,6,0,0
2709,0,6,0,0
2803,0,6,0,0
2821,0,6,0,0
2839,0,6,0,0
2920,0,6,0,0
2939,0,6,0,0
3008,0,6,0,0
3047,0,6,0,0
3060,0,6,0,0
3076,0,6,0,0
3087,0,6,0,0
3353,0,6,0,0
3388,0,6,0,0
3425,0,6,0,0
3525,0,6,0,0
3571,0,6,0,0
3587,0,6,0,0
3601,0,6,0,0
3690,0,6,0,0
3794,0,6,0,0
3809,0,6,0,0
3912,0,6,0,0
3926,0,6,0,0
3944,0,6,0,0
3975,0,6,0,0
3997,0,6,0,0
4037,0,6,0,0
4070,0,6,0,0
4105,0,6,0,0
4141,0,6,0,0
4160,0,6,0,0
4214,0,6,0,0
4253,0,6,0,0
4285,0,6,0,0
4330,0,6,0,0
4365,0,6,0,0
4581,0,6,0,0
4653,0,6,0,0
4669,0,6,0,0
4842,0,6,0,0
4868,0,6,0,0
5151,0,6,0,0
5242,0,6,0,0
5369,0,6,0,0
5418,0,6,0,0
5533,0,6,0,0
5788,0,6,0,0
5851,0,6,0,0
6062,0,6,0,0
6075,0,6,0,0
6331,0,6,0,0
6353,0,6,0,0
6461,0,6,0,0
6551,0,6,0,0
6574,0,6,0,0
6615,0,6,0,0
6662,0,6,0,0
6717,0,6,0,0
6733,0,6,0,0
6781,0,6,0,0
6797,0,6,0,0
6912,0,6,0,0
6983,0,6,0,0
7180,0,6,0,0
7288,0,6,0,0
7386,0,6,0,0
7462,0,6,0,0
7618,0,6,0,0
7745,0,6,0,0
7780,0,6,0,0
7800,0,6,0,0
7867,0,6,0,0
8076,0,6,0,0
8194,0,6,0,0
8235,0,6,0,0
8268,0,6,0,0
8290,0,6,0,0
8307,0,6,0,0
8479,0,6,0,0
8693,0,6,0,0
8776,0,6,0,0
8915,0,6,0,0
9008,0,6,0,0
9024,0,6,0,0
9080,0,6,0,0
9093,0,6,0,0
9232,0,6,0,0
9352,0,6,0,0
9407,0,6,0,0
9489,0,6,0,0
9574,0,6,0,0
9593,0,6,0,0
9626,0,6,0,0
9650,0,6,0,0
9671,0,6,0,0
9687,0,6,0,0
9704,0,6,0,0
9826,0,6,0,0
9943,0,6,0,0
10041,0,6,0,0
10112,0,6,0,0
10245,0,6,0,0
10319,0,6,0,0
10421,0,6,0,0
10478,0,6,0,0
10610,0,6,0,0
10659,0,6,0,0
10766,0,6,0,0
10796,0,6,0,0
10875,0,6,0,0
10896,0,6,0,0
10937,0,6,0,0
11064,0,6,0,0
11084,0,6,0,0
11270,0,6,0,0
11291,0,6,0,0
11307,0,6,0,0
11353,0,6,0,0
11368,0,6,0,0
11386,0,6,0,0
11403,0,6,0,0
11423,0,6,0,0
11539,0,6,0,0
11602,0,6,0,0
11646,0,6,0,0
11793,0,6,0,0
11855,0,6,0,0
11901,0,6,0,0
11980,0,6,0,0
11996,0,6,0,0
12143,0,6,0,0
12179,0,6,0,0
12212,0,6,0,0
12233,0,6,0,0
12252,0,6,0,0
12366,0,6,0,0
12752,0,6,0,0
12769,0,6,0,0
12815,0,6,0,0
12900,0,6,0,0
13004,0,6,0,0
13083,0,6,0,0
13098,0,6,0,0
13202,0,6,0,0
13284,0,6,0,0
13408,0,6,0,0
13629,0,6,0,0
13739,0,6,0,0
13751,0,6,0,0
13829,0,6,0,0
13883,0,6,0,0
13898,0,6,0,0
14066,0,6,0,0
14168,0,6,0,0
14259,0,6,0,0
14294,0,6,0,0
14366,0,6,0,0
14418,0,6,0,0
14474,0,6,0,0
14539,0,6,0,0
14554,0,6,0,0
14576,0,6,0,0
14614,0,6,0,0
14908,0,6,0,0
14963,0,6,0,0
14988,0,6,0,0
15060,0,6,0,0
15093,0,6,0,0
15112,0,6,0,0
15131,0,6,0,0
15204,0,6,0,0
15256,0,6,0,0
15422,0,6,0,0
15474,0,6,0,0
15520,0,6,0,0
15586,0,6,0,0
15681,0,6,0,0
15711,0,6,0,0
15760,0,6,0,0
15780,0,6,0,0
15927,0,6,0,0
15979,0,6,0,0
16024,0,6,0,0
16041,0,6,0,0
16075,0,6,0,0
16131,0,6,0,0
16226,0,6,0,0
16243,0,6,0,0
16273,0,6,0,0
16327,0,6,0,0
16402,0,6,0,0
16433,0,6,0,0
16646,0,6,0,0
16693,0,6,0,0
16713,0,6,0,0
16727,0,6,0,0
16862,0,6,0,0
17007,0,6,0,0
17364,0,6,0,0
17377,0,6,0,0
17461,0,6,0,0
17497,0,6,0,0
17550,0,6,0,0
17614,0,6,0,0
17630,0,6,0,0
17649,0,6,0,0
17750,0,6,0,0
17867,0,6,0,0
17886,0,6,0,0
17920,0,6,0,0
50,0,5,0,0
71,0,5,0,0
151,0,5,0,0
221,0,5,0,0
261,0,5,0,0
388,0,5,0,0
487,0,5,0,0
530,0,5,0,0
584,0,5,0,0
612,0,5,0,0
795,0,5,0,0
913,0,5,0,0
1101,0,5,0,0
1365,0,5,0,0
1395,0,5,0,0
1420,0,5,0,0
1433,0,5,0,0
1540,0,5,0,0
1618,0,5,0,0
1733,0,5,0,0
1753,0,5,0,0
1763,0,5,0,0
1985,0,5,0,0
2049,0,5,0,0
2071,0,5,0,0
2319,0,5,0,0
2336,0,5,0,0
2337,0,5,0,0
2492,0,5,0,0
2521,0,5,0,0
2556,0,5,0,0
2645,0,5,0,0
2665,0,5,0,0
2765,0,5,0,0
2863,0,5,0,0
2888,0,5,0,0
3134,0,5,0,0
3262,0,5,0,0
3333,0,5,0,0
3374,0,5,0,0
3545,0,5,0,0
3629,0,5,0,0
3743,0,5,0,0
3824,0,5,0,0
3838,0,5,0,0
3891,0,5,0,0
3955,0,5,0,0
4053,0,5,0,0
4087,0,5,0,0
4179,0,5,0,0
4269,0,5,0,0
4407,0,5,0,0
4616,0,5,0,0
4701,0,5,0,0
4732,0,5,0,0
4807,0,5,0,0
5066,0,5,0,0
5176,0,5,0,0
5194,0,5,0,0
5238,0,5,0,0
5297,0,5,0,0
5433,0,5,0,0
5481,0,5,0,0
5502,0,5,0,0
5633,0,5,0,0
5683,0,5,0,0
5694,0,5,0,0
5832,0,5,0,0
5889,0,5,0,0
6162,0,5,0,0
6196,0,5,0,0
6245,0,5,0,0
6278,0,5,0,0
6313,0,5,0,0
6645,0,5,0,0
6702,0,5,0,0
6819,0,5,0,0
6869,0,5,0,0
6955,0,5,0,0
