"CustID","Churn (0/1)","E[X[L]|L=1]"
4,0,0.286097313012007
18,0,0.0412980576345542
21,0,0.0821134632763375
50,0,0.0408150001212424
60,0,0.0460915502812866
71,0,0.0408150001212424
86,0,0.0408150001212424
111,1,1.85275675190821
112,0,0.0834178697585707
113,0,0.263898560229273
114,0,0.414211856895784
131,0,0.0408150001212424
133,0,0.466275564182279
151,0,0.0408150001212424
166,1,0.868562406861444
167,0,0.586319572233322
181,0,0.0408150001212424
198,0,0.0408150001212424
208,0,0.17231189720579
221,0,0.0408150001212424
226,1,0.615338503118512
228,1,0.986493044124248
234,0,0.0833513364785913
243,0,0.0409753882000638
256,0,0.135130311814868
261,0,0.0409753882000638
281,0,0.0409753882000638
297,0,0.0409753882000638
312,0,0.146331662675197
314,0,0.123585468666746
333,0,0.0409753882000638
341,0,0.106800669703467
350,0,0.0409753882000638
353,0,0.0841645789527923
367,0,0.0409753882000638
388,0,0.0409753882000638
408,0,0.0409753882000638
425,0,0.0409753882000638
429,0,0.342231989200661
440,0,0.0409753882000638
441,1,1.11312762239027
473,0,0.0409753882000638
487,0,0.0411364065455952
489,0,0.0825793421405123
502,0,0.124084853517338
516,0,0.0409753882000638
530,0,0.0411364065455952
542,0,0.0411364065455952
558,0,0.0411364065455952
562,0,0.100632579601781
564,1,2.64025806413542
581,0,0.0411364065455952
584,0,0.0434582462315091
612,0,0.0411364065455952
619,1,3.99333456987215
621,0,0.0827140763520619
636,0,0.0411364065455952
645,0,0.364239511822919
656,0,0.289382418644019
675,0,0.0411364065455952
687,0,0.192423512728441
703,0,0.0412980576345542
719,0,0.0417868322754043
736,0,0.0411364065455952
755,0,0.0411364065455952
756,0,0.169149709679004
760,0,0.296218017238744
773,0,0.735685492599972
775,0,0.0412980576345542
780,0,0.31070529238197
789,0,0.280957706308336
795,0,0.0412980576345542
816,0,0.0412980576345542
834,0,0.0412980576345542
836,0,0.268385419018399
857,0,0.0412980576345542
858,0,0.042781804396075
875,0,0.0412980576345542
881,0,0.491786764214518
899,0,0.0412980576345542
913,0,0.0412980576345542
918,0,0.213109847976747
936,0,0.0412980576345542
947,0,0.0844733410542359
958,0,0.0412980576345542
974,0,0.0412980576345542
989,0,0.0414603439533925
1012,0,0.186417356170076
1014,0,0.0414603439533925
1034,0,0.0414603439533925
1035,0,0.0860179211478843
1050,0,0.0414603439533925
1062,0,0.0414603439533925
1080,0,0.0414603439533925
1099,1,1.38512962120916
1101,0,0.0414603439533925
1108,1,1.58829118401147
1115,0,0.0416232679983324
1117,0,0.0451965143725465
1131,0,0.0414603439533925
1150,0,0.0414603439533925
1158,0,0.113881079904547
1167,0,0.787902956000583
1174,0,0.0414603439533925
1188,0,0.0414603439533925
1209,0,0.0414603439533925
1223,0,0.0414603439533925
1240,0,0.0414603439533925
1241,0,0.40255904368959
1251,1,0.823645412254487
1252,0,0.100728742848503
1265,0,0.0416232679983324
1280,0,0.0416232679983324
1283,0,0.101472498963465
1291,0,0.0856441343813915
1295,0,0.0477475165029548
1302,0,0.0416232679983324
1317,0,0.0416232679983324
1322,0,0.0833186149111219
1333,0,0.133443752751127
1343,0,0.334831269693116
1350,0,0.0416232679983324
1365,0,0.0416232679983324
1377,0,0.101472498963465
1380,0,0.0416232679983324
1393,0,0.435864250827703
1395,0,0.0416232679983324
1402,0,0.0421158915993482
1417,0,0.292793279669449
1420,0,0.0416232679983324
1425,0,0.0492693672229082
1433,0,0.0416232679983324
1446,0,0.0416232679983324
1463,0,0.0417868322754043
1480,0,0.0842017254063879
1483,0,0.0416232679983324
1499,0,0.0953735899745835
1504,0,0.0416232679983324
1518,0,0.0416232679983324
1528,0,0.251575469804559
1540,0,0.0417868322754043
1544,0,0.216947304843459
1560,0,0.208439069294099
1561,0,0.134267627272291
1568,0,0.101696203767176
1583,1,0.906032909187799
1585,0,0.217629626657667
1596,0,0.334269451842618
1605,0,0.130042931423563
1618,0,0.0417868322754043
1623,1,0.722565066807045
1627,0,0.0842146779083705
1631,0,0.0928820036758644
1640,0,0.0417868322754043
1647,0,0.657144255790517
1655,0,0.161545608507127
1661,1,1.47230347743017
1663,0,0.178195608923818
1664,0,0.0417868322754043
1668,1,0.504308644901036
1669,1,1.89127511671803
1686,0,0.709459295998717
1696,0,0.485003022047504
1705,0,0.295172116896934
1712,0,0.0417868322754043
1727,0,0.0438004674611654
1733,0,0.0417868322754043
1739,0,0.0844772546125604
1750,0,0.0965747872944296
1753,0,0.0417868322754043
1758,0,0.0861335125053203
1760,1,5.35154107664962
1763,0,0.0421158915993482
1783,0,0.0419510393004876
1792,0,0.205964978250702
1809,0,0.0419510393004876
1825,0,0.226790445372326
1828,0,0.0844957682885717
1839,0,0.0419510393004876
1845,1,1.62976112800133
1858,0,0.0839020786009751
1877,0,0.162137788355784
1890,1,3.16656897809904
1893,1,1.5605465561781
1894,0,0.0419510393004876
1908,0,0.0419510393004876
1919,0,0.388437652137193
1928,0,0.0419510393004876
1944,0,0.0419510393004876
1956,0,0.0419510393004876
1971,0,0.0419510393004876
1985,0,0.0419510393004876
1991,1,1.64037410612195
2005,0,0.0421158915993482
2030,0,0.0421158915993482
2046,0,0.298109615314156
2049,0,0.0421158915993482
2053,0,0.521547743351349
2071,0,0.0421158915993482
2072,0,0.801164596031357
2087,0,0.0421158915993482
2092,0,0.433726821180374
2099,0,0.342779217149753
2102,0,0.371619599378342
2104,0,0.173164090091003
2109,0,0.0421158915993482
2127,0,0.0421158915993482
2142,0,0.0421158915993482
2161,0,0.0421158915993482
2180,0,0.0421158915993482
2181,0,0.093575544095257
2194,0,0.372300324132833
2198,0,0.0468203239576293
2199,0,0.0421158915993482
2202,0,0.0846835532297282
2213,0,0.104545535599989
2217,0,0.132353760155888
2224,0,0.0861690554392472
2235,0,0.0421158915993482
2254,0,0.0422813917076761
2272,0,0.131208887174522
2274,0,0.042781804396075
2289,0,0.168817258408479
2294,0,0.0422813917076761
2319,0,0.0422813917076761
2331,0,0.0961777716022398
2336,0,0.0422813917076761
2337,0,0.0451965143725465
2361,0,0.0846360020010756
2363,0,0.0422813917076761
2379,0,0.0422813917076761
2389,1,1.6703564268491
2390,0,0.194752103713818
2398,0,0.0422813917076761
2419,0,0.230420346254269
2427,1,0.429019280690392
2442,0,0.0422813917076761
2445,0,0.287572504355065
2455,0,0.187885026590391
2457,0,0.594874099294056
2471,0,0.107796623796258
2478,0,0.0424475421711268
2492,0,0.0424475421711268
2508,0,0.0424475421711268
2509,0,0.556666790725629
2521,0,0.0424475421711268
2537,0,0.0424475421711268
2541,0,0.136140640650792
2550,0,0.105629816990807
2556,0,0.0424475421711268
2563,0,0.0854958005216625
2568,0,0.0854463496731844
2574,0,0.042781804396075
2578,0,0.440969855051729
2591,0,0.317052556650111
2597,1,0.942865300103642
2610,0,0.0424475421711268
2625,0,0.0424475421711268
2645,0,0.0424475421711268
2665,0,0.0424475421711268
2681,0,0.0424475421711268
2697,0,0.0424475421711268
2709,0,0.0424475421711268
2725,0,0.0424475421711268
2745,0,0.504346690544231
2753,1,0.55448785549084
2761,0,0.305080123118308
2765,0,0.0426143455453596
2786,0,0.0426143455453596
2790,0,0.155565172041166
2792,0,0.214214965176945
2803,0,0.0426143455453596
2813,0,0.0857821226935374
2820,0,0.252101267340254
2821,0,0.0426143455453596
2839,0,0.0436290213044316
2845,0,0.0426143455453596
2855,0,0.289170953974581
2863,0,0.0426143455453596
2871,0,0.27202701222082
2888,0,0.0426143455453596
2903,0,0.564020867006026
2904,0,0.0426143455453596
2920,0,0.0426143455453596
2932,0,0.0875310426020174
2939,0,0.0429499212990571
2944,0,0.226818075209114
2958,0,0.164744729557069
2961,0,0.0426143455453596
2965,0,0.261420612218978
2983,0,0.0426143455453596
3001,0,0.208953795687736
3005,0,0.0426143455453596
3008,0,0.0852650616574952
3011,0,0.463888992271357
3016,0,0.347534882899575
3021,0,0.0874562015794195
3028,1,1.33931786768602
3030,0,0.042781804396075
3041,1,3.09885138575857
3047,0,0.042781804396075
3060,0,0.042781804396075
3076,0,0.042781804396075
3087,0,0.042781804396075
3089,0,0.34239523373341
3099,0,0.197615970814683
3102,0,0.233624050533301
3106,0,0.0865453848143886
3112,0,0.042781804396075
3134,0,0.042781804396075
3138,0,0.420522774328507
3157,1,0.940920720561372
3158,0,0.042781804396075
3163,1,1.40423494334638
3171,0,0.042781804396075
3182,0,0.181691597731285
3183,0,0.0856763179086428
3197,0,0.141959639105429
3199,0,0.042781804396075
3219,0,0.0429499212990571
3238,0,0.440686739543126
3242,0,0.042781804396075
3262,0,0.042781804396075
3268,0,0.145652138096338
3287,0,0.0429499212990571
3298,0,0.239766718190003
3299,0,0.12311483496607
3311,0,0.346427756343221
3312,0,0.0429499212990571
3318,0,0.278404591690768
3322,0,0.0431186988402121
3333,0,0.0429499212990571
3341,0,0.0903601837346911
3353,0,0.0429499212990571
3374,0,0.0429499212990571
3376,0,0.262321006706615
3388,0,0.0429499212990571
3400,1,0.634914482540975
3403,0,0.0429499212990571
3415,0,0.450215054190632
3425,0,0.0429499212990571
3438,0,0.0443188588572412
3442,0,0.454895750522318
3444,0,0.0429499212990571
3451,0,0.18936016590539
3467,0,0.0429499212990571
3469,0,0.289447162140951
3487,0,0.241741823538249
3496,0,1.4174839332754
3497,0,0.421066282952322
3501,1,3.57566591582694
3510,0,0.0431186988402121
3518,0,0.212142325950508
3525,0,0.0431186988402121
3545,0,0.0431186988402121
3556,0,0.0431186988402121
3558,0,0.447346253319303
3567,0,0.0462726732796346
3571,0,0.0431186988402121
3580,0,0.192894207165191
3584,0,0.141631551851729
3587,0,0.0431186988402121
3601,0,0.0431186988402121
3612,0,0.0431186988402121
3614,0,0.662901006360485
3629,0,0.0431186988402121
3647,0,0.114571374824542
3656,0,0.535368787009565
3660,0,0.277390642797317
3669,0,0.27943067073096
3674,0,0.0431186988402121
3690,0,0.0431186988402121
3704,0,0.0431186988402121
3726,0,0.0431186988402121
3743,0,0.0441453835848908
3755,0,0.0432881396156063
3774,0,0.389890358287356
3775,0,0.0432881396156063
3794,0,0.0432881396156063
3805,0,0.103581685857018
3809,0,0.0432881396156063
3819,0,0.155372528785526
3820,0,0.0911998686722473
3824,0,0.0432881396156063
3838,0,0.0432881396156063
3853,0,0.0432881396156063
3874,0,0.0470043107709835
3876,0,0.0432881396156063
3891,0,0.0432881396156063
3902,0,0.0874005763639379
3911,0,0.157484579624046
3912,0,0.0432881396156063
3926,0,0.0432881396156063
3944,0,0.0432881396156063
3955,0,0.0432881396156063
3965,0,0.137870394839402
3970,0,0.375356363299525
3975,0,0.0432881396156063
3993,1,0.517625181328383
3997,0,0.0434582462315091
4005,0,0.271284088240638
4019,0,0.187799727865016
4037,0,0.0434582462315091
4053,0,0.0434582462315091
4066,1,1.01668304520199
4070,0,0.0434582462315091
4087,0,0.0434582462315091
4090,0,0.473075481794197
4096,0,0.0921699088757179
4101,0,0.103301589719776
4105,0,0.0434582462315091
4113,0,0.163757869323461
4124,0,0.0436290213044316
4141,0,0.0434582462315091
4160,0,0.0434582462315091
4165,1,2.63328878246489
4167,0,0.0520502511581942
4179,0,0.0434582462315091
4198,0,0.0434582462315091
4203,1,0.730683445929729
4214,0,0.0434582462315091
4231,0,0.0434582462315091
4253,0,0.0436290213044316
4269,0,0.0438004674611654
4285,0,0.0436290213044316
4287,0,0.108620461592048
4288,0,0.133335419572293
4309,0,0.148028061967404
4316,0,0.205727270394168
4322,0,0.0908718118189794
4330,0,0.0436290213044316
4349,0,0.0436290213044316
4365,0,0.0439725873388257
4374,0,0.155305673190197
4379,0,0.0436290213044316
4383,1,1.31630657795382
4392,0,0.255412645386939
4407,0,0.0436290213044316
4408,0,0.145668518484196
4424,0,0.346316478625585
4427,0,0.0436290213044316
4446,0,0.0436290213044316
4461,1,0.543128924204287
4465,0,0.0436290213044316
4474,0,0.385874836047305
4486,0,0.0436290213044316
4504,0,0.138020943513557
4513,0,0.0448433855677349
4525,0,0.0438004674611654
4544,0,0.178244949554433
4564,0,0.143938136591494
4581,0,0.0438004674611654
4589,0,0.290499702267793
4593,0,0.152213843202366
4601,0,0.630803160266115
4616,0,0.0438004674611654
4630,0,0.0438004674611654
4635,0,0.372451346042393
4644,0,0.0892395861254218
4649,1,0.800531203446372
4653,0,0.0438004674611654
4669,0,0.0438004674611654
4687,0,0.130944266817387
4701,0,0.0438004674611654
4717,0,0.0438004674611654
4718,0,0.309722209124956
4732,0,0.0438004674611654
4749,0,0.0438004674611654
4762,0,0.112806057391575
4768,0,0.0438004674611654
4791,0,0.0438004674611654
4794,0,0.0997823204367217
4797,0,0.16415540131711
4805,1,1.27481704606723
4807,0,0.0438004674611654
4819,1,0.444663427483843
4822,0,0.0438004674611654
4836,1,0.908795258814034
4842,0,0.0439725873388257
4854,0,0.0886197176931394
4868,0,0.0439725873388257
4870,0,0.0914967525650175
4873,0,0.19305420134898
4875,0,0.0989997326988622
4880,0,0.140535429435384
4890,0,0.111262945639794
4892,0,0.0439725873388257
4894,1,1.30362380176983
4907,0,0.24300469008153
4911,0,0.0439725873388257
4930,0,0.0439725873388257
4947,0,0.0439725873388257
4951,1,1.36319288822105
4963,0,0.0439725873388257
4965,0,0.0483126223836413
4972,0,0.0919587296617495
4979,0,0.217166600935497
4982,0,0.307511930331998
4987,0,0.0439725873388257
5000,0,0.449614058772292
5006,0,0.11795836050074
5008,0,0.129245971151556
5010,0,0.489041163175439
5022,0,0.0450196037335487
5031,0,0.217816152763008
5038,0,0.218234543505172
5047,0,0.0504425034507704
5048,0,0.0439725873388257
5066,0,0.0439725873388257
5067,0,0.376856177209238
5072,0,0.402986034686152
5089,0,0.0439725873388257
5105,0,0.0439725873388257
5108,0,0.62321502650941
5130,0,0.198884456066891
5135,1,0.446902881774545
5137,0,0.289064634133629
5151,0,0.0441453835848908
5156,0,0.0923200939625588
5176,0,0.0441453835848908
5192,0,0.847104484951905
5194,0,0.0441453835848908
5206,0,0.277826499797439
5215,0,0.0441453835848908
5221,0,0.705389496271234
5238,0,0.0441453835848908
5240,0,0.344650091861213
5242,0,0.0464545080253703
5259,0,0.132540984919106
5265,1,0.75351610627629
5281,0,0.187433981966934
5285,0,0.364325834013488
5297,0,0.0441453835848908
5302,0,0.227276233751079
5309,0,0.0889679608935391
5312,0,0.0443188588572412
5316,0,0.0441453835848908
5330,0,0.0441453835848908
5336,1,1.33029889984481
5350,0,0.181043394750451
5353,0,0.0441453835848908
5369,0,0.0441453835848908
5390,0,0.0441453835848908
5405,0,0.372486545091011
5413,0,0.1446224290598
5418,0,0.0443188588572412
5420,1,1.99665063461343
5433,0,0.0443188588572412
5439,0,0.0907263766244989
5444,1,1.45094449877034
5451,0,0.0443188588572412
5461,0,0.0922172632594789
5467,0,0.0443188588572412
5481,0,0.0444930158242031
5502,0,0.0443188588572412
5519,0,0.354616953714936
5525,1,0.542383622585232
5533,0,0.0443188588572412
5554,0,0.265893102859465
5558,0,0.0443188588572412
5575,1,1.84653321284128
5579,0,0.0443188588572412
5595,0,0.1418076219621
5597,0,0.0443188588572412
5615,0,0.0443188588572412
5631,0,0.467718099656568
5633,0,0.0443188588572412
5645,0,0.314200763071509
5646,0,0.0444930158242031
5651,0,0.273624089001771
5664,0,0.0444930158242031
5674,0,0.0907202706897984
5677,1,0.417603488352724
5683,0,0.0444930158242031
5694,0,0.0444930158242031
5717,0,0.0444930158242031
5719,0,0.0890240056260044
5722,0,0.339615261262819
5746,0,0.0444930158242031
5749,1,1.04873120847565
5770,0,0.0444930158242031
5779,0,0.159431455123978
5788,0,0.0444930158242031
5802,0,0.0444930158242031
5817,0,0.0444930158242031
5832,0,0.0444930158242031
5837,0,0.0473744562422364
5839,0,0.105761268910453
5844,0,0.200204930761692
5847,1,2.43777204052053
5851,0,0.0444930158242031
5852,0,0.0918780365726156
5855,0,0.180379707241813
5870,0,0.56866921650516
5873,0,0.0444930158242031
5875,0,0.181149042176013
5889,0,0.0444930158242031
5903,0,0.0444930158242031
5922,0,0.0446678571645887
5936,0,0.0927619606207283
5939,0,0.500680793259967
5940,0,0.0448433855677349
5947,0,0.187017784846936
5957,0,0.0446678571645887
5972,0,0.134003571493766
5990,0,0.0446678571645887
6002,0,0.0446678571645887
6011,1,0.71463182616883
6025,0,0.262775478672431
6044,0,0.0446678571645887
6054,0,0.456696699082523
6062,0,0.0446678571645887
6072,0,0.605705869766619
6075,0,0.0455524239654539
6084,0,0.385080098305221
6087,0,0.112409225829414
6094,0,0.0915164659138094
6102,0,0.0446678571645887
6103,0,0.0925840580025108
6119,0,0.0446678571645887
6131,0,0.106461621515693
6142,0,0.0446678571645887
6162,0,0.0446678571645887
6178,0,0.0893357143291773
6196,0,0.0446678571645887
6211,0,0.0446678571645887
6228,0,0.0450196037335487
6242,1,1.32640986367264
6245,0,0.0448433855677349
6262,0,0.0448433855677349
6278,0,0.0448433855677349
6293,0,0.0448433855677349
6296,0,0.902567198125628
6304,0,0.116224551846008
6305,0,0.854639828459381
6313,0,0.0448433855677349
6331,0,0.0448433855677349
6335,1,0.661393046099428
6353,0,0.0448433855677349
6378,0,0.3677050670067
6381,0,0.353872574315086
6392,0,0.134062136436847
6396,0,0.264746315592235
6412,0,0.168356798438872
6427,0,0.0448433855677349
6434,0,0.235544497524488
6444,0,0.0448433855677349
6449,0,0.119827497866742
6461,0,0.0448433855677349
6468,0,0.4576867995372
6475,0,0.146527843326678
6479,0,0.159891162872278
6481,0,0.0448433855677349
6497,0,0.27194587465103
6504,0,0.0450196037335487
6518,0,0.0450196037335487
6528,0,0.137176768300474
6537,0,0.0450196037335487
6551,0,0.0450196037335487
6559,0,0.0936753507735177
6574,0,0.0450196037335487
6579,0,0.109376036356955
6601,0,0.0450196037335487
6606,0,0.19206640579187
6615,0,0.0450196037335487
6631,0,0.0450196037335487
6645,0,0.0450196037335487
6662,0,0.0450196037335487
6673,0,0.0477475165029548
6682,0,0.0451965143725465
6686,0,0.385187613689268
6702,0,0.0450196037335487
6717,0,0.0450196037335487
6729,0,0.0909540800988849
6733,0,0.0450196037335487
6760,0,0.0450196037335487
6781,0,0.0450196037335487
6797,0,0.0451965143725465
6799,1,1.20546502163281
6819,0,0.0451965143725465
6821,0,0.2906707910123
6827,0,0.0539203001633003
6838,0,0.166063552376145
6848,0,0.0466370573154021
6854,0,0.322926289953919
6869,0,0.0451965143725465
6892,0,0.0451965143725465
6898,0,0.382485669535604
6912,0,0.0453741202058945
6918,0,0.605596711814677
6931,0,0.283548508251286
6934,0,0.215422743686526
6955,0,0.0451965143725465
6967,0,0.0451965143725465
6983,0,0.0451965143725465
6993,0,0.361611759334281
6999,0,0.0928348886830867
7001,0,0.191415527129885
7017,0,0.0451965143725465
7021,0,0.0935911795774095
7024,0,0.141488510316297
7037,0,0.124890203242116
7040,0,0.0451965143725465
7050,0,0.0451965143725465
7071,0,0.0451965143725465
7093,0,0.214169775596797
7102,0,0.563085449577209
7104,0,0.0924457646843442
7112,0,0.0453741202058945
7120,1,1.03425027972212
7122,0,0.0946009965843151
7130,0,0.794961361929603
7136,0,0.0453741202058945
7148,0,0.519530013859409
7152,0,0.38192048903574
7158,0,0.0453741202058945
7162,0,0.105952820440536
7180,0,0.0453741202058945
7186,0,0.152137229702566
7193,1,1.37604106124654
7198,0,0.0453741202058945
7204,0,0.116078494310069
7216,0,0.0453741202058945
7231,0,0.0453741202058945
7244,0,0.0453741202058945
7260,0,0.0453741202058945
7273,0,0.225037637975446
7276,0,0.0453741202058945
7288,0,0.0453741202058945
7292,0,0.160400900159013
7294,0,0.278350638296125
7305,0,0.0932803265080954
7313,0,0.0453741202058945
7323,1,2.08752683753448
7330,0,0.0453741202058945
7333,0,0.163757869323461
7361,0,0.0453741202058945
7367,0,0.0920400467283284
7375,0,0.350129074409263
7384,0,0.109365023341473
7386,0,0.0455524239654539
7401,0,0.0455524239654539
7405,0,0.29930343839232
7409,0,0.0971697840560104
7416,0,0.0470043107709835
7422,0,0.0455524239654539
7423,0,0.0522547896798316
7435,0,0.203183471007317
7442,0,0.0457314283938207
7449,0,0.0926009253173652
7460,0,0.0912670959161848
7462,0,0.0455524239654539
7467,0,0.099565047655258
7484,0,0.0455524239654539
7500,0,0.0455524239654539
7512,0,0.610365612296504
7513,1,1.46967664228934
7517,0,0.0916444268363165
7520,0,0.0457314283938207
7536,0,0.144112405863321
7540,0,0.363516380744929
7561,0,0.273293935431856
7572,0,0.405873954026141
7579,0,0.0455524239654539
7587,1,0.654259772674082
7601,0,0.0455524239654539
7606,0,0.0494629778839434
7618,0,0.0455524239654539
7636,0,0.0455524239654539
7647,0,0.0455524239654539
7661,0,0.0455524239654539
7674,0,0.212401210667977
7675,0,0.0455524239654539
7691,0,0.307669714425697
7694,0,0.0455524239654539
7710,0,0.0457314283938207
7726,0,0.134132659725739
7735,0,0.0481235145062711
7745,0,0.0457314283938207
7764,0,0.0457314283938207
7772,0,0.269691525790021
7780,0,0.0457314283938207
7795,0,0.319223354353864
7800,0,0.0457314283938207
7811,0,0.358709782212612
7830,0,0.0457314283938207
7838,0,0.39422457518054
7847,0,0.0457314283938207
7854,1,1.39425470312662
7856,1,0.536178390706917
7867,0,0.0457314283938207
7881,0,0.0457314283938207
7887,0,0.171517219523184
7889,0,0.0946988586743171
7898,0,0.0464545080253703
7901,1,0.896304724921745
7916,0,0.0457314283938207
7937,0,0.0457314283938207
7948,0,0.0457314283938207
7960,0,0.0457314283938207
7967,0,0.416092048646386
7974,0,0.206218664864132
7982,0,0.0457314283938207
8001,0,0.0457314283938207
8008,1,0.594055031790117
8021,1,0.616541190902204
8022,0,0.370312481123294
8039,0,0.0459111362443672
8060,0,0.0459111362443672
8076,0,0.0459111362443672
8081,0,0.0477475165029548
8092,0,0.366378968023669
8111,0,0.0459111362443672
8135,0,0.0459111362443672
8143,0,0.0931952829894924
8157,0,0.0459111362443672
8173,0,0.0459111362443672
8194,0,0.0459111362443672
8208,0,0.0459111362443672
8220,0,0.214996735011166
8221,0,0.0919017766944618
8222,0,0.193035495651659
8228,0,0.0961119600843957
8235,0,0.0459111362443672
8249,0,0.0459111362443672
8268,0,0.0459111362443672
8290,0,0.0460915502812866
8298,0,0.206147561365658
8307,0,0.0460915502812866
8326,0,0.0460915502812866
8343,0,0.0460915502812866
8364,0,0.0460915502812866
8377,0,0.0460915502812866
8391,0,0.329321265969163
8405,0,0.414893238721387
8408,0,0.0928901486394964
8419,0,0.428575511463476
8429,0,0.0460915502812866
8443,0,0.0946733171572466
8444,0,0.0460915502812866
8450,0,0.375136912045868
8463,0,0.220691461312939
8479,0,0.0460915502812866
8481,1,1.38702175411562
8496,1,3.97637286729045
8500,0,0.569302688600316
8502,0,0.0460915502812866
8516,0,0.0460915502812866
8527,0,0.0460915502812866
8538,0,0.326890081714505
8542,0,0.0460915502812866
8560,0,0.0460915502812866
8572,0,0.0470043107709835
8573,0,0.0460915502812866
8592,0,0.0460915502812866
8601,1,1.10640338498324
8608,0,0.478801345314669
8613,0,0.0462726732796346
8628,0,0.0462726732796346
8656,0,0.0464545080253703
8666,0,0.249716295498685
8678,0,0.0462726732796346
8686,0,0.110173174865791
8693,0,0.0462726732796346
8699,0,0.0944224099268589
8700,0,0.107203443911269
8718,0,0.139199019575954
8720,0,0.0462726732796346
8736,1,1.00567586619213
8742,0,0.0462726732796346
8757,0,0.0462726732796346
8769,0,0.096571630232693
8776,0,0.0462726732796346
8791,0,0.0462726732796346
8811,0,0.10892013264042
8815,0,0.112420394122555
8816,0,0.0462726732796346
8839,0,0.0462726732796346
8853,0,0.190658190372329
8868,0,0.0462726732796346
8879,0,0.184753280977765
8881,0,0.0927101599184594
8883,0,0.0462726732796346
8897,0,0.141649254331474
8903,1,0.698555335859342
8915,0,0.0464545080253703
8922,0,0.0958411850756958
8929,0,0.0464545080253703
8944,0,0.0464545080253703
8957,1,1.09341331040869
8964,0,0.0464545080253703
8976,0,0.412858050460325
8985,0,0.0464545080253703
8990,0,0.108496200657977
9005,0,0.702617029591456
9008,0,0.0464545080253703
9019,0,0.0933564611148037
9024,0,0.0464545080253703
9041,0,0.0464545080253703
9046,0,0.402321005586792
9064,0,0.0464545080253703
9080,0,0.0464545080253703
9093,0,0.0464545080253703
9104,0,0.102408894409636
9109,0,0.0464545080253703
9120,1,2.43404022783338
9126,0,0.0464545080253703
9142,0,0.0464545080253703
9160,0,0.274627585479124
9175,0,0.0464545080253703
9197,0,0.0464545080253703
9202,0,0.201309569151668
9204,0,0.0929486641261611
9211,0,0.0464545080253703
9232,0,0.0464545080253703
9247,0,0.118405579716346
9251,0,0.0466370573154021
9258,0,0.753752812779369
9267,0,0.0466370573154021
9274,0,0.358590060264926
9278,0,0.103233209354976
9288,0,0.0466370573154021
9303,0,0.0470043107709835
9305,0,0.0466370573154021
9307,1,0.737022702425017
9322,0,0.148522173074018
9333,0,0.0466370573154021
9348,0,0.101724446936209
9352,0,0.0466370573154021
9365,0,0.0466370573154021
9389,0,0.0466370573154021
9394,0,0.113305672495504
9407,0,0.0466370573154021
9420,0,0.0466370573154021
9442,0,0.0466370573154021
9443,0,0.308017282002014
9454,0,0.148200224340459
9468,0,0.489666635647841
9479,0,0.528799714515001
9485,0,0.0466370573154021
9489,0,0.0475606205935614
9494,0,0.347431979297449
9504,0,0.199011600889757
9521,0,0.094046014445975
9525,0,0.0466370573154021
9539,0,0.131773175271135
9554,0,0.0466370573154021
9555,1,0.747589538823093
9568,0,0.612310644318164
9572,0,0.210935638270811
9574,0,0.0466370573154021
9593,0,0.0466370573154021
9611,0,0.0468203239576293
9622,0,0.104070236127885
9626,0,0.0468203239576293
9650,0,0.0473744562422364
9651,0,0.0492693672229082
9671,0,0.0468203239576293
9687,0,0.0468203239576293
9704,0,0.0468203239576293
9719,1,0.726339023228411
9722,0,0.0468203239576293
9734,0,0.0468203239576293
9756,0,0.465063013844276
9759,0,0.320432398779281
9770,0,0.0468203239576293
9786,0,0.0468203239576293
9793,0,0.107946874158301
9810,0,0.465063013844276
9825,0,0.2754381745744
9826,0,0.0468203239576293
9830,0,0.292455366900523
9842,0,0.0468203239576293
9848,0,0.561911969382172
9849,0,0.112598112514785
9858,0,0.0468203239576293
9873,0,0.09453220525947
9878,0,0.0468203239576293
9887,0,0.0950408484265364
9895,0,0.0470043107709835
9903,0,0.545004971414854
9911,0,0.0470043107709835
9916,0,0.0967161806789432
9919,1,1.40360690251331
9926,0,0.0943617602115818
9927,0,0.0470043107709835
9938,0,0.0947865998468793
9943,0,0.0470043107709835
9958,0,0.0470043107709835
9965,0,0.285984824992059
9971,0,0.23967254348222
9985,0,0.0970638583176858
9987,0,0.0470043107709835
10002,0,0.0470043107709835
10020,0,0.0470043107709835
10041,0,0.0470043107709835
10048,0,0.226042977632542
10057,0,0.0470043107709835
10061,1,1.39334417510598
10064,0,0.248270007477677
10081,0,0.169054720591838
10085,1,1.05991638037095
10096,0,0.494836874344707
10102,0,0.959334949189233
10112,0,0.0470043107709835
10122,0,0.154599322004269
10126,0,0.0470043107709835
10137,0,0.106289708936344
10145,0,0.0470043107709835
10151,0,0.496627886184915
10162,0,0.0470043107709835
10163,0,0.330253010739196
10178,0,0.0470043107709835
10189,0,0.0541321872961429
10193,0,0.474669793933257
10196,0,0.157775950331159
10208,0,0.0470043107709835
10216,0,0.0486930704337529
10220,0,0.263965295712441
10227,0,0.160475616810932
10235,0,0.112553883651514
10245,0,0.0471890205854753
10248,1,0.906138984066715
10260,0,0.0471890205854753
10279,0,0.0471890205854753
10282,0,0.109669532429778
10296,0,0.053289602072257
10299,0,0.0471890205854753
10303,0,0.303286848855342
10306,1,0.826758687607133
10319,0,0.0471890205854753
10324,0,0.0498524846538146
10337,0,0.0471890205854753
10351,0,0.0471890205854753
10352,0,0.362115379892914
10355,0,0.334540779165002
10373,0,0.0477475165029548
10386,0,0.0471890205854753
10403,0,0.0471890205854753
10421,0,0.0471890205854753
10438,0,0.0471890205854753
10440,0,0.0949370059385365
10447,1,0.869386047001882
10453,0,0.0471890205854753
10476,0,0.147817945405048
10478,0,0.0471890205854753
10486,0,0.118753878255589
10492,0,0.0471890205854753
10497,0,0.0958580530308868
10506,0,0.0471890205854753
10515,1,0.663192377837216
10521,0,0.149538404159027
10533,1,1.10420919757741
10542,0,0.190420180277123
10559,0,0.0473744562422364
10565,0,0.236310986732966
10576,0,0.150458606041362
10593,0,0.0473744562422364
10600,1,3.31323968994749
10609,1,0.562683376344794
10610,0,0.0473744562422364
10627,0,0.0473744562422364
10634,0,0.167813548212674
10642,0,0.0473744562422364
10659,0,0.0473744562422364
10676,0,0.0473744562422364
10689,0,0.411522074733436
10707,0,0.0473744562422364
10722,0,0.0473744562422364
10734,0,0.136361599787651
10753,0,0.0473744562422364
10766,0,0.0473744562422364
10783,0,0.0473744562422364
10796,0,0.0473744562422364
10814,0,0.483119792096735
10818,0,0.216372939487604
10830,0,0.0473744562422364
10844,0,0.0473744562422364
10861,0,0.0473744562422364
10863,1,0.670401855966322
10875,0,0.0475606205935614
10879,1,2.17200479610644
10880,0,0.130636997131858
10896,0,0.0475606205935614
10907,0,0.0952906419390055
10912,0,0.0475606205935614
10925,0,0.0475606205935614
10937,0,0.0475606205935614
10957,0,0.0475606205935614
10961,0,0.0558575358428927
10974,1,0.501929960655406
10977,0,0.593629894546314
10993,0,0.0475606205935614
11011,0,0.364082906571698
11014,0,0.0475606205935614
11018,0,0.145594805661701
11021,1,1.36235023017331
11032,0,0.0475606205935614
11044,1,0.493134159792173
11046,0,0.142742749964172
11049,0,0.0475606205935614
11064,0,0.0475606205935614
11067,0,0.206412021923747
11084,0,0.0475606205935614
11100,0,0.0475606205935614
11122,0,0.0475606205935614
11147,0,0.0475606205935614
11165,0,0.0477475165029548
11179,0,0.240172280945263
11185,0,0.0477475165029548
11198,0,0.0477475165029548
11203,0,0.398406448322083
11207,0,0.220212409676632
11220,0,0.0483126223836413
11221,0,0.0477475165029548
11239,0,0.0477475165029548
11258,0,0.0477475165029548
11270,0,0.0477475165029548
11283,0,0.295343524607432
11288,1,1.89356201407332
11291,0,0.0477475165029548
11307,0,0.0477475165029548
11314,0,0.144427968399498
11319,0,0.0477475165029548
11326,1,0.47616009876164
11332,0,0.109767883053447
11339,0,0.0477475165029548
11341,1,1.60740415059091
11347,0,0.278576155414929
11353,0,0.0477475165029548
11368,0,0.0477475165029548
11379,0,0.109767883053447
11386,0,0.0477475165029548
11397,0,0.205169163916628
11403,0,0.0477475165029548
11405,0,0.183225364951149
11423,0,0.047935146845174
11437,0,0.0477475165029548
11445,0,0.09617075424259
11448,0,0.0477475165029548
11454,0,0.294054697977294
11462,0,0.438173756252998
11478,0,0.047935146845174
11496,0,0.047935146845174
11512,0,0.047935146845174
11514,0,0.100245527425208
11521,0,0.488887840701545
11539,0,0.047935146845174
11553,0,0.047935146845174
11556,0,0.429289040133589
11557,0,0.0961334191601488
11574,1,1.27556936576387
11578,0,0.047935146845174
11593,0,0.047935146845174
11602,0,0.0481235145062711
11604,0,0.843100451983567
11610,1,1.07130706170214
11613,0,0.047935146845174
11626,0,0.047935146845174
11632,0,0.0962806447960157
11646,0,0.047935146845174
11652,0,0.705223993291518
11662,0,0.047935146845174
11673,0,0.0504425034507704
11679,0,0.096722832448987
11680,0,0.202200709597321
11682,1,1.37596633614715
11687,0,0.394034874411388
11688,0,0.047935146845174
11693,1,1.49575780927966
11709,0,0.047935146845174
11728,0,0.047935146845174
11742,0,0.047935146845174
11749,1,2.30057243171949
11759,0,0.462850420938648
11762,0,0.0481235145062711
11763,1,0.706087492980269
11768,0,0.110463117885036
11777,0,0.142648578988996
11789,0,0.0964642292742577
11793,0,0.0481235145062711
11807,0,0.0481235145062711
11835,0,0.0481235145062711
11855,0,0.0481235145062711
11866,0,0.201278911643576
11871,0,0.0481235145062711
11888,0,0.0481235145062711
11901,0,0.0481235145062711
11924,0,0.0481235145062711
11946,0,0.0481235145062711
11949,0,0.103518617773359
11963,0,0.0481235145062711
11971,0,0.0964184346720743
11980,0,0.0481235145062711
11996,0,0.0481235145062711
12018,0,0.0481235145062711
12024,1,0.929123093185851
12037,0,0.0483126223836413
12061,0,0.0483126223836413
12078,0,0.0483126223836413
12083,0,0.121101479745532
12089,1,0.721720960118346
12095,0,0.0483126223836413
12108,0,2.09945902905321
12112,0,0.197095076913449
12123,0,0.244751221527407
12124,0,0.0483126223836413
12125,0,0.097607036971636
12143,0,0.0483126223836413
12161,0,0.198642625794557
12162,0,0.0483126223836413
12179,0,0.0483126223836413
12191,0,0.588653180175663
12195,0,0.0483126223836413
12212,0,0.0483126223836413
12233,0,0.0483126223836413
12248,0,0.10124464681711
12252,0,0.0483126223836413
12270,0,0.359914432556946
12272,1,1.68401557360947
12283,0,0.0966252447672825
12303,0,0.127625165251549
12305,0,0.0485024733860654
12310,1,1.00528247289778
12311,0,0.232210234928175
12322,0,0.586666410830518
12324,0,0.0972711864091435
12325,0,0.0508397237036518
12327,0,0.0485024733860654
12345,0,0.0485024733860654
12349,0,0.146054011480682
12354,1,1.07241207754032
12357,0,0.475501597324527
12366,0,0.0485024733860654
12380,0,0.0492693672229082
12393,0,0.0485024733860654
12410,0,0.0485024733860654
12425,0,0.0488844164583905
12432,0,0.09717770220209
12439,0,0.668786448414736
12442,0,0.0485024733860654
12455,1,2.02617659655975
12463,0,0.0485024733860654
12476,1,5.84261940480441
12485,0,0.0485024733860654
12499,0,0.0485024733860654
12520,0,0.0485024733860654
12533,0,0.0970889383902393
12545,0,0.0486930704337529
12547,1,0.636208325772323
12565,0,0.0486930704337529
12582,0,0.140448514801212
12595,0,0.280242779138619
12609,0,0.0486930704337529
12622,0,0.0486930704337529
12638,0,0.18193309968734
12650,0,0.0486930704337529
12658,0,0.100190976543167
12673,0,0.0486930704337529
12687,0,0.0486930704337529
12693,0,0.346108016714133
12700,0,0.0488844164583905
12702,0,0.0989259557678868
12713,0,0.135913842719333
12733,0,0.0486930704337529
12739,0,0.0522547896798316
12752,0,0.0486930704337529
12769,0,0.0486930704337529
12784,0,0.0486930704337529
12798,0,0.488775196109525
12804,1,0.809683040806376
12815,0,0.0486930704337529
12833,0,0.0486930704337529
12845,1,1.42406345533143
12849,0,0.0488844164583905
12853,0,0.0981949147164175
12861,0,0.0980371691146046
12868,0,0.0488844164583905
12882,0,0.568720751627462
12884,0,0.159117949615835
12900,0,0.0488844164583905
12924,0,0.188475897129868
12929,0,0.107403112903573
12934,1,2.67061025417133
12940,0,0.0488844164583905
12952,0,0.0981873102901458
12953,1,1.57638285849565
12957,0,0.0488844164583905
12962,0,0.0991605777632869
12973,0,0.228076350390534
12981,0,0.101717129413247
12989,0,0.0488844164583905
13004,0,0.0488844164583905
13023,1,0.430141613481109
13028,0,0.0488844164583905
13041,0,0.0488844164583905
13052,0,0.597493106323454
13068,0,0.0977688329167809
13083,0,0.0488844164583905
13085,0,0.21437743381633
13093,1,0.955988970117526
13098,0,0.0488844164583905
13103,0,0.113431537415672
13108,0,0.101719891461839
13122,0,0.421478868816353
13123,0,0.0488844164583905
13128,1,0.611839154135262
13141,0,0.0490765144031852
13142,0,0.0992142494891889
13150,0,0.0983745303297278
13158,0,0.0490765144031852
13168,0,0.766142168389767
13177,0,0.2593358344362
13182,1,0.447590123583274
13188,0,0.0490765144031852
13202,0,0.0490765144031852
13220,0,0.0490765144031852
13224,0,0.148538800615278
13234,0,0.101721979617766
13242,0,0.109237734146379
13243,0,0.136157520410998
13257,0,0.0490765144031852
13280,0,0.123571270733569
13284,0,0.0490765144031852
13304,0,0.0492693672229082
13314,0,0.174810365482828
13322,0,0.0490765144031852
13330,0,0.197251457534709
13339,0,0.153634920984986
13343,0,0.0490765144031852
13350,0,0.225993124112549
13357,0,0.0490765144031852
13372,0,0.233159732176502
13375,0,0.101069191035351
13386,1,2.22851148887174
13391,0,0.0490765144031852
13403,1,2.94024281832596
13408,0,0.0490765144031852
13413,0,0.100804515897382
13417,0,0.268554074149964
13425,1,0.982660412755866
13427,0,0.233916210798045
13435,1,0.647986143468382
13444,0,0.0490765144031852
13454,0,0.0496573493643316
13458,0,0.329124662001595
13476,0,0.0492693672229082
13480,0,0.128905413478656
13488,0,0.0492693672229082
13489,0,0.112073367416888
13504,0,0.153929535875202
13508,0,0.0492693672229082
13526,0,0.0492693672229082
13535,0,0.331774675063351
13547,0,0.0492693672229082
13559,0,0.0492693672229082
13567,0,0.589768004332133
13571,0,0.103467352352019
13580,0,0.0492693672229082
13598,0,0.0492693672229082
13614,0,0.202932712259605
13616,0,0.0492693672229082
13617,0,0.0547728576307681
13629,0,0.0492693672229082
13648,0,0.0492693672229082
13663,0,0.0492693672229082
13679,0,0.0492693672229082
13698,0,0.0492693672229082
13701,0,0.371897460516114
13709,1,0.732160511834571
13710,1,0.864685612153558
13719,1,0.428688844255502
13726,0,0.0492693672229082
13736,0,0.4208934854874
13739,0,0.0492693672229082
13751,0,0.0492693672229082
13764,0,0.10045914506757
13771,0,0.0494629778839434
13786,1,0.437072175277769
13794,0,0.0494629778839434
13802,0,0.0994565367482479
13811,0,0.200390832038605
13813,0,0.0504425034507704
13829,0,0.0494629778839434
13844,0,0.0494629778839434
13857,0,0.254653112300132
13869,0,0.0494629778839434
13883,0,0.0494629778839434
13898,0,0.0494629778839434
13901,0,0.704908605087781
13902,0,0.478627429544645
13917,0,0.0494629778839434
13924,0,0.0992469247420565
13938,1,0.73119484409414
13939,0,0.158267325688146
13941,0,0.133728643790812
13954,1,0.719816012229379
13959,0,0.298222393863805
13970,0,0.0508397237036518
13978,0,0.14569072509259
13995,0,0.0494629778839434
14006,1,0.918350516481435
14013,0,0.0494629778839434
14021,0,0.130902156133196
14029,0,0.0494629778839434
14045,0,0.114062074295855
14050,0,0.0494629778839434
14056,0,0.103250288030502
14066,0,0.0496573493643316
14069,0,0.528269115240278
14088,0,0.0496573493643316
14092,0,0.180041958739614
14093,0,0.100028465820449
14111,0,0.0496573493643316
14112,1,1.56982155812236
14131,0,0.0496573493643316
14148,0,0.0496573493643316
14162,0,0.10165494998675
14168,0,0.0496573493643316
14187,0,0.0496573493643316
14206,0,0.119420869790883
14208,1,0.813012984580586
14211,0,0.0496573493643316
14222,0,0.0496573493643316
14223,0,0.416419598617824
14243,0,0.145036449000291
14259,0,0.0496573493643316
14269,0,0.471750202260131
14277,0,0.0496573493643316
14294,0,0.0496573493643316
14313,0,0.0496573493643316
14314,1,1.13041813080247
14315,1,0.583715994608051
14331,0,0.0496573493643316
14342,0,0.359066609842515
14353,0,0.0498524846538146
14366,0,0.0498524846538146
14379,0,0.155985592259249
14382,0,0.0498524846538146
14390,0,0.10352890225432
14401,0,0.0498524846538146
14417,0,0.473692645517719
14418,0,0.0498524846538146
14438,0,0.103834224759698
14439,0,0.0498524846538146
14441,0,0.102851615726511
14456,0,0.0498524846538146
14474,0,0.0498524846538146
14489,0,0.0498524846538146
14501,0,0.0498524846538146
14502,1,0.809104413800579
14503,0,0.099978619422599
14519,1,0.544725137636992
14520,0,0.0498524846538146
14539,0,0.0498524846538146
14548,0,0.16353419669361
14554,0,0.0498524846538146
14568,1,1.99386318278327
14569,1,0.79738907916712
14576,0,0.0500483867538843
14593,0,0.0500483867538843
14614,0,0.0500483867538843
14632,0,0.599093084397419
14647,0,0.0500483867538843
14660,0,0.0500483867538843
14673,0,0.460621135822386
14674,0,0.0500483867538843
14688,0,0.19628564581425
14689,0,0.17421253956492
14694,0,0.445933165704504
14698,0,0.0512400719521416
14706,0,0.100096773507769
14709,0,0.229412981446479
14728,0,0.0500483867538843
14742,0,0.154606027649485
14743,0,0.0500483867538843
14750,0,0.228653186759758
14757,0,0.0500483867538843
14764,0,0.379437029736924
14769,0,0.0504425034507704
14770,0,0.224914249916428
14774,0,0.791191654728086
14777,0,0.266840842568556
14785,0,0.399055206224841
14792,0,0.362273662343193
14796,0,0.302469108795678
14801,0,0.15575334554197
14810,0,0.326062042517826
14828,0,0.0500483867538843
14836,1,0.621408920698336
14838,0,0.35482053721695
14844,1,0.84445445340819
14845,0,0.0500483867538843
14856,0,0.177285356491366
14857,0,0.270622723129157
14862,0,0.0500483867538843
14877,0,0.0502450586778275
14880,0,0.17712002780483
14891,0,0.0502450586778275
14908,0,0.0502450586778275
14918,0,0.377945267010919
14929,0,0.205998749135248
14946,0,0.0502450586778275
14963,0,0.0502450586778275
14976,0,0.0502450586778275
14988,0,0.0502450586778275
15003,0,0.0502450586778275
15025,0,0.311312571085428
15042,0,0.620615039180472
15045,0,0.187053959815568
15046,0,0.0502450586778275
15057,0,0.575552755647752
15060,0,0.0502450586778275
15061,0,0.400941708318687
15078,0,0.0502450586778275
15093,0,0.0502450586778275
15096,1,1.26299121372538
15105,1,0.987016194510989
15112,0,0.0506407241097285
15131,0,0.0502450586778275
15142,0,0.427738230632267
15147,0,0.251514551816318
15165,0,0.0504425034507704
15189,0,0.47435630695884
15191,0,0.0504425034507704
15204,0,0.0504425034507704
15222,0,0.0504425034507704
15239,0,0.0504425034507704
15250,0,0.0518465132522909
15256,0,0.0504425034507704
15272,0,0.0504425034507704
15273,0,0.126032283479509
15286,0,0.15464190263334
15291,0,0.0504425034507704
15306,0,0.334518126069939
15322,0,0.0504425034507704
15343,0,0.0504425034507704
15350,0,0.240202709697169
15361,0,0.363230034207879
15373,0,0.299758460577949
15387,0,0.0504425034507704
15394,0,0.101598867502247
15405,0,0.0504425034507704
15422,0,0.0504425034507704
15423,1,1.26583948685003
15431,0,0.102110532724898
15442,0,0.0504425034507704
15457,1,0.503146578927869
15459,0,0.0539203001633003
15460,0,0.20204950466114
15474,0,0.0504425034507704
15477,0,0.153812533612091
15499,0,0.101281448219457
15511,0,0.121322475997744
15518,1,0.937796264584161
15520,0,0.0506407241097285
15535,0,0.23444906614604
15560,0,0.0506407241097285
15562,1,5.562410941865
15572,0,0.134019023069408
15583,0,0.614900318956513
15586,0,0.0506407241097285
15599,0,0.0506407241097285
15622,0,0.105687805281674
15631,0,0.0506407241097285
15648,0,0.0506407241097285
15664,0,0.0506407241097285
15674,0,0.476450221263667
15681,0,0.0506407241097285
15696,0,0.140780485026671
15711,0,0.0506407241097285
15712,0,0.15285048837335
15714,0,0.203649325367936
15725,0,0.0506407241097285
15728,0,0.0510395052934697
15739,0,0.0506407241097285
15743,0,0.114512642301555
15750,1,0.88490407132971
15760,0,0.0506407241097285
15765,0,0.197616462595625
15780,0,0.0506407241097285
15793,0,0.0506407241097285
15813,0,0.0506407241097285
15823,0,0.0508397237036518
15827,0,0.102712594480285
15838,0,0.462917054340143
15839,0,0.101679447407304
15856,0,0.146945668182327
15861,0,0.101722838184333
15867,0,0.103679787043462
15878,1,0.796777330312717
15880,0,0.309568780548377
15883,0,0.0508397237036518
15902,0,0.191790524294269
15914,0,0.150062750015019
15927,0,0.0508397237036518
15929,1,1.58117435206122
15930,0,0.51340144719095
15933,0,0.102520906444154
15948,0,0.0508397237036518
15953,1,1.7536092518969
15959,0,0.215229194040734
15963,0,0.0508397237036518
15979,0,0.0508397237036518
15997,0,0.0508397237036518
16011,0,0.0508397237036518
16024,0,0.0508397237036518
16041,0,0.0508397237036518
16042,0,0.356929483419345
16058,0,0.0508397237036518
16073,0,0.104161518745995
16075,0,0.0508397237036518
16087,0,0.0508397237036518
16091,1,0.641486835103042
16108,0,0.256375459892881
16112,0,0.102061401149371
16131,0,0.0510395052934697
16146,0,0.0510395052934697
16154,1,0.38723826514307
16164,0,0.153239721847059
16178,0,0.0510395052934697
16189,0,0.0510395052934697
16208,0,0.0510395052934697
16217,0,0.105993993906824
16226,0,0.0510395052934697
16243,0,0.0510395052934697
16261,0,0.0510395052934697
16273,0,0.0510395052934697
16285,0,0.102801319937507
16292,0,0.053289602072257
16293,0,0.0510395052934697
16307,0,0.155632950120289
16309,0,0.155565941318235
16319,1,0.78577540482522
16324,0,0.125731408987966
16327,0,0.0510395052934697
16329,0,0.232077128922235
16348,0,0.0510395052934697
16359,0,0.239319561452684
16362,0,0.15800936592176
16365,0,0.21029906048317
16386,0,0.0510395052934697
16402,0,0.0510395052934697
16417,0,0.0510395052934697
16432,0,0.180796175021435
16433,0,0.0510395052934697
16445,0,0.374300295747193
16447,0,0.511615852850394
16451,0,0.0512400719521416
16465,0,0.261206530091209
16466,1,1.0932688870074
16470,0,0.0512400719521416
16487,0,0.269379765904128
16491,0,0.0512400719521416
16507,0,0.0512400719521416
16514,0,0.103087094304068
16521,0,0.484358731920778
16525,0,0.0512400719521416
16543,0,0.78886321585525
16557,0,0.0512400719521416
16571,0,0.0512400719521416
16580,0,0.594017797390978
16588,0,0.242610444419803
16593,0,0.0512400719521416
16607,1,1.8977907175901
16613,0,0.131327511529049
16614,0,0.291343957753139
16618,0,0.10515853298323
16632,0,0.0516435728283095
16646,0,0.0512400719521416
16660,1,1.825790033943
16662,0,0.0512400719521416
16677,0,0.0512400719521416
16693,0,0.0512400719521416
16713,0,0.0512400719521416
16727,0,0.0512400719521416
16745,0,0.0514414267647028
16761,0,0.0514414267647028
16779,0,0.0514414267647028
16790,0,0.116152900917084
16799,0,0.222298108762494
16810,0,0.104203090388317
16814,0,0.184141624335395
16815,0,0.441398125332146
16830,0,0.0514414267647028
16845,0,0.0514414267647028
16862,0,0.0514414267647028
16871,0,0.188762846895377
16882,0,0.0520502511581942
16889,1,0.523665907686186
16898,0,0.0514414267647028
16910,0,0.0514414267647028
16921,0,0.0545584627514796
16930,0,0.0514414267647028
16942,0,0.0514414267647028
16948,0,0.178489057202212
16957,0,0.0514414267647028
16975,0,0.0514414267647028
16992,0,0.0514414267647028
17006,0,0.597905955872221
17007,0,0.0514414267647028
17020,0,0.45025901404144
17029,0,0.0516435728283095
17035,1,0.996854309916899
17042,1,0.588716872990805
17054,0,0.1818492815085
17068,0,0.0530810130320307
17072,1,1.11023851574886
17074,0,0.160521602845548
17079,0,0.35771512295829
17093,0,0.0516435728283095
17109,0,0.126555697071366
17115,0,0.0516435728283095
17131,0,0.0516435728283095
17145,0,0.0516435728283095
17151,1,1.59895719735735
17155,0,0.107780762717802
17163,0,0.400426460389895
17167,0,0.0516435728283095
17170,0,0.593131157737685
17172,0,0.103957839642878
17184,0,0.0516435728283095
17189,1,0.693750450378548
17202,0,0.0516435728283095
17217,0,0.0516435728283095
17232,0,0.0516435728283095
17245,0,0.122758363132136
17257,0,0.165568743039635
17278,0,0.0518465132522909
17279,0,0.317557921699646
17297,0,0.0516435728283095
17311,0,0.0516435728283095
17327,0,0.152435457839839
17344,0,0.408493719568566
17351,0,0.0518465132522909
17358,0,0.156640134906682
17364,0,0.0518465132522909
17377,0,0.0518465132522909
17402,0,0.0518465132522909
17417,0,0.0518465132522909
17436,0,0.0518465132522909
17446,0,0.104136861048509
17460,0,0.115728544979405
17461,0,0.0518465132522909
17474,0,0.0518465132522909
17482,1,3.04174817247317
17492,0,0.16297548127001
17497,0,0.0518465132522909
17517,0,0.0520502511581942
17529,0,0.106773784082607
17530,0,0.268786302951264
17534,0,0.0518465132522909
17550,0,0.0518465132522909
17566,0,0.0518465132522909
17570,0,0.123038249960982
17575,0,0.446967051640948
17585,1,1.04738670640661
17598,0,0.0518465132522909
17614,0,0.0518465132522909
17625,0,0.309530074544297
17630,0,0.0518465132522909
17649,0,0.0520502511581942
17660,0,0.0520502511581942
17676,0,0.676494850268528
17681,0,0.0520502511581942
17698,0,0.0520502511581942
17714,0,0.0520502511581942
17717,0,0.371764619163669
17724,0,0.217510177135913
17732,0,0.0520502511581942
17750,0,0.0520502511581942
17769,0,0.0520502511581942
17782,0,0.0520502511581942
17792,1,0.852162974980473
17795,0,0.0520502511581942
17807,1,0.640117198579258
17818,0,0.0520502511581942
17829,1,0.872278339933577
17834,1,0.799304265399113
17841,0,0.0520502511581942
17850,0,0.232039225496938
17861,1,0.591920958221292
17862,0,0.0549880950038138
17867,0,0.0520502511581942
17886,0,0.0520502511581942
17901,0,0.0520502511581942
17903,0,0.400017398248614
17913,0,0.491493522425942
17920,0,0.0520502511581942
17942,0,0.0520502511581942
17950,0,0.0534990107914076
17957,0,0.803374989685994
17960,0,0.0520502511581942
17987,0,0.0522547896798316
18002,0,0.0522547896798316
18008,1,0.722036362585261
18012,0,0.176214162929185
18027,1,1.00247169687819
18028,0,0.0562973979233794
18033,0,0.192456127712733
18035,1,1.19414870836718
18038,0,0.209042076497438
18043,1,2.04576969399157
18046,1,1.35181605559421
18048,0,0.0522547896798316
18055,0,0.131504680820872
18057,0,0.486345308642798
18066,0,0.052666281167187
18069,0,0.173502466279217
18083,0,0.0522547896798316
18087,1,0.778482516864047
18096,0,0.0522547896798316
18116,0,0.0522547896798316
18135,0,0.0522547896798316
18138,0,0.478888138288852
18150,0,0.0522547896798316
18165,0,0.11427641788938
18166,0,0.0522547896798316
18183,0,0.0522547896798316
18187,0,1.22215952138821
18198,0,0.0522547896798316
18213,0,0.0522547896798316
18215,1,0.93589702562034
18226,0,0.45860230340756
18232,0,0.0522547896798316
18235,0,0.287996191411129
18249,0,0.0522547896798316
18261,1,0.800034796497228
18268,0,0.214482018261438
18272,0,0.0522547896798316
18289,0,0.0522547896798316
18310,0,0.052460131963332
18326,0,0.305616864810316
18329,0,0.052460131963332
18341,0,0.052460131963332
18356,0,0.052460131963332
18359,0,0.904813241806954
18360,0,0.105674317783858
18372,0,0.052460131963332
18388,0,0.052460131963332
18402,0,0.052460131963332
18418,0,0.052460131963332
18424,1,1.67035512874786
18434,0,0.052460131963332
18452,0,0.052460131963332
18469,0,0.052460131963332
18475,0,0.47464286846228
18484,0,0.052460131963332
18502,0,0.052460131963332
18516,0,0.167066561388097
18535,0,0.052460131963332
18552,0,0.226971134338809
18564,0,0.151629249388135
18576,0,0.052460131963332
18580,1,2.04326271197114
18586,1,0.436635012210491
18589,0,0.200201877824051
18596,0,0.052460131963332
18611,0,0.214015162789086
18617,0,0.531076689085791
18629,0,0.433147641743994
18634,0,0.052666281167187
18640,0,0.123571270733569
18652,0,0.0528732404622986
18672,0,0.052666281167187
18687,0,0.052666281167187
18696,0,0.49550755358216
18705,0,0.052666281167187
18711,0,0.10557026588056
18723,0,0.052666281167187
18733,0,0.052666281167187
18752,0,0.141555323797574
18756,0,0.10595640650929
18764,1,1.98694853115447
18770,0,0.052666281167187
18771,0,0.115481200587523
18778,1,1.12304822596576
18785,0,0.052666281167187
18802,0,0.273036200838336
18806,0,0.052666281167187
18819,0,0.0543449070682129
18827,0,0.052666281167187
18841,0,0.0528732404622986
18856,0,0.052666281167187
18857,0,0.3238465868096
18875,0,0.052666281167187
18891,0,0.111078823417951
18898,0,0.052666281167187
18913,0,0.106077893762019
18914,0,0.052666281167187
18919,0,0.105897504606132
18933,0,0.105746480924597
18935,0,0.136270037539284
18948,0,0.0528732404622986
18950,0,0.1286770866106
18964,0,0.0528732404622986
18977,0,0.0528732404622986
18985,0,0.0562973979233794
19002,0,0.0528732404622986
19023,0,0.159770603600223
19038,0,0.301756726709765
19042,0,0.0528732404622986
19060,1,4.12430171538232
19067,0,0.190162790317028
19068,0,0.106686844932129
19079,0,0.111393851277899
19084,0,0.162913876890483
19097,0,0.160114853963509
19101,0,0.391599252627567
19105,0,0.317215522404142
19110,0,0.0528732404622986
19128,0,0.299399045067139
19131,0,0.0528732404622986
19153,0,0.105746480924597
19171,0,0.0528732404622986
19175,0,0.113052432275133
19183,0,0.191064679617952
19198,0,0.152155346543412
19207,1,1.60561416339071
19220,0,0.0530810130320307
19237,0,0.186219833968604
19240,0,0.0530810130320307
19255,0,0.0530810130320307
19259,0,0.372664860874085
19270,0,0.0530810130320307
19286,0,0.195033216835364
19295,0,0.371786376811913
19303,0,0.147267571938159
19315,0,0.0530810130320307
19320,1,1.14967735928338
19332,0,0.0530810130320307
19339,0,3.03282760353027
19347,1,0.588187959823215
19360,0,0.0530810130320307
19374,0,0.186791511139399
19375,0,0.0530810130320307
19390,0,0.0530810130320307
19392,1,0.622348637342212
19410,0,0.0530810130320307
19422,0,0.0530810130320307
19426,0,0.236968236391802
19430,0,0.301192273423737
19443,0,0.106976293059994
19447,0,0.0530810130320307
19458,0,0.0530810130320307
19467,0,0.159452802832072
19475,0,0.109001512137167
19478,0,0.053289602072257
19496,0,0.053289602072257
19505,1,1.11883182325338
19515,0,0.053289602072257
19530,0,0.053289602072257
19542,0,0.168582309150442
19559,0,0.37952636382881
19562,0,0.053289602072257
19579,0,0.053289602072257
19584,0,0.127726756707062
19593,0,0.0534990107914076
19611,0,0.053289602072257
19615,0,0.122697015074101
19628,0,0.113674282837702
19631,0,0.053289602072257
19647,0,0.053289602072257
19670,0,0.0534990107914076
19685,0,0.053289602072257
19687,0,0.203740815297397
19700,0,0.235442782600527
19714,0,0.279501208450519
19730,0,0.053289602072257
19751,0,0.186064194607196
19755,0,0.053289602072257
19757,0,0.0537092424105229
19775,0,0.118260137270163
19778,0,0.238339183254695
19792,0,0.0534990107914076
19805,0,0.687246302970077
19817,0,0.0534990107914076
19830,0,0.774568260987832
19841,0,0.0534990107914076
19859,0,0.0534990107914076
19873,0,0.10867593668857
19878,0,0.107571896404114
19880,0,0.0534990107914076
19885,0,0.225818880203296
19886,0,0.0562973979233794
19888,0,0.301706407835582
19892,0,0.635426903251245
19894,0,0.297452961823449
19902,0,0.0534990107914076
19914,0,0.52583202826225
19924,0,0.0534990107914076
19938,0,0.0534990107914076
19954,0,0.0534990107914076
19970,0,0.106998021582815
19988,0,0.0534990107914076
20004,0,0.0534990107914076
20015,0,0.0534990107914076
20028,0,0.0541321872961429
20037,0,0.0534990107914076
20055,0,0.0537092424105229
20072,0,0.0537092424105229
20096,0,0.0537092424105229
20104,0,0.108054683111002
20111,1,5.27594316393151
20116,0,0.0539203001633003
20117,1,0.603473483779299
20130,0,0.172880077322503
20133,0,0.216537859666104
20136,0,0.200728489017346
20140,0,0.162976542882835
20150,0,0.0537092424105229
20155,0,0.298021053805541
20168,0,0.0537092424105229
20181,0,0.0537092424105229
20192,0,0.372982869457212
20205,0,0.0537092424105229
20219,0,0.120572033894355
20223,0,0.165850953606656
20239,0,0.0537092424105229
20255,0,0.0537092424105229
20271,0,0.0537092424105229
20285,0,0.157200891527058
20299,0,0.0537092424105229
20315,0,0.0537092424105229
20330,0,0.0537092424105229
20345,0,0.666506565852042
20350,0,0.0539203001633003
20354,0,0.259881535779777
20364,0,0.209926853236217
20380,0,0.0539203001633003
20390,0,0.119191401946154
20396,0,0.0539203001633003
20411,1,1.26606897708146
20412,0,0.873713297873234
20414,0,0.0539203001633003
20431,0,0.0539203001633003
20445,0,0.0539203001633003
20459,0,0.0539203001633003
20462,0,0.395290562957011
20473,0,0.0539203001633003
20491,0,0.0539203001633003
20512,0,0.0539203001633003
20525,0,0.204890229731631
20532,1,0.692012924155299
20545,0,0.0539203001633003
20547,0,0.526712304111103
20565,0,0.0539203001633003
20582,0,0.0539203001633003
20592,0,0.303651775777867
20601,0,0.0539203001633003
20617,0,0.307056389656436
20626,0,0.109160327891528
20637,0,0.0541321872961429
20649,0,0.0541321872961429
20666,0,0.0541321872961429
20678,0,0.0541321872961429
20683,0,0.1710693188546
20684,0,0.310791845920499
20693,0,0.0541321872961429
20695,1,1.62784993766683
20704,0,1.23071905418161
20706,0,0.0541321872961429
20723,0,0.297632933128831
20730,0,0.119334327035512
20743,0,0.23899310292941
20747,0,0.0541321872961429
20766,0,0.0541321872961429
20768,0,0.115336859444142
20787,0,0.0541321872961429
20799,0,0.0541321872961429
20813,0,0.227564027249426
20820,0,0.0541321872961429
20828,0,0.113089349214171
20840,0,0.134055066424372
20841,0,0.0541321872961429
20862,0,0.0541321872961429
20873,1,5.86614770654345
20876,0,0.0543449070682129
20888,0,0.0543449070682129
20900,0,0.0543449070682129
20913,0,0.0543449070682129
20931,0,0.219519319962585
20947,0,0.0543449070682129
20961,1,0.515013356491743
20967,0,0.459906000593305
20970,0,0.0543449070682129
20980,0,0.504495236733714
20992,0,0.0543449070682129
20994,0,0.375651533441021
21001,0,0.324935071417471
21002,0,0.225283787830023
21004,0,0.561431291016896
21008,0,0.17818617534042
21022,0,0.0543449070682129
21035,0,0.187357043969342
21042,0,0.331999217714927
21054,0,0.39463208450975
21066,0,0.109213258716043
21071,0,0.0543449070682129
21086,0,0.587755399004255
21088,0,0.0543449070682129
21103,0,0.108988124043555
21106,0,0.174524195479118
21118,0,0.0545584627514796
21128,0,0.235071821894506
21131,0,0.109583975819628
21137,0,0.0545584627514796
21144,0,0.336946591258313
21150,0,0.0545584627514796
21161,0,0.392447651080773
21164,0,0.0545584627514796
21171,0,0.456856607687227
21177,0,0.0545584627514796
21181,0,0.290952356784003
21192,0,0.199508807032118
21198,0,0.234585626742406
21200,0,0.113301830321343
21209,0,0.0545584627514796
21223,0,0.484880833424959
21224,0,0.125233951933367
21242,0,0.0545584627514796
21244,0,0.669258892822966
21262,0,0.0545584627514796
21275,0,0.0545584627514796
21288,0,0.0545584627514796
21294,0,0.339907977991821
21296,0,0.109702164885869
21307,0,0.142473392507931
21320,0,0.0545584627514796
21334,0,0.0545584627514796
21351,0,0.0545584627514796
21361,0,0.0545584627514796
21377,0,0.563396539566148
21381,0,0.280886492005673
21387,0,0.111073784231029
21405,0,0.413393539727923
21409,0,0.0547728576307681
21419,0,0.0547728576307681
21436,0,0.0549880950038138
21456,0,0.0547728576307681
21479,0,0.0547728576307681
21490,0,0.772617793226816
21493,0,0.0547728576307681
21511,0,0.0547728576307681
21526,0,0.0547728576307681
21527,1,0.438025029941064
21540,0,0.34618794896851
21543,0,0.0547728576307681
21557,0,0.0549880950038138
21559,0,0.111105104691927
21572,0,0.0547728576307681
21574,0,0.0558575358428927
21587,0,0.0547728576307681
21594,0,0.210963315849485
21602,0,0.0547728576307681
21604,0,0.113421497778221
21617,0,0.0547728576307681
21630,0,0.0547728576307681
21644,0,0.55862526472797
21646,0,0.0547728576307681
21652,0,0.112219808080294
21655,0,0.290466997306761
21661,0,0.0547728576307681
21663,0,0.502699704221513
21683,0,0.0549880950038138
21687,0,0.688930929695888
21698,0,0.47733484820617
21699,0,0.0549880950038138
21715,0,0.0549880950038138
21729,0,0.0549880950038138
21748,0,0.0549880950038138
21766,0,0.0549880950038138
21782,0,0.172316181622817
21784,0,0.0549880950038138
21791,0,0.629547780327292
21802,0,0.0549880950038138
21825,0,0.234647498073876
21828,0,0.439762352813221
21850,0,0.146650997706496
21853,0,0.433927512147585
21862,0,0.0549880950038138
21864,0,0.110505829707574
21871,0,0.13346983377981
21879,0,0.0549880950038138
21883,0,0.399000945710311
21899,0,0.0549880950038138
21912,0,0.197769031909426
21921,0,0.387826949818734
21929,0,0.0549880950038138
21939,0,0.417196334297614
21943,0,0.0549880950038138
21948,0,0.0552041781813107
21960,0,0.0552041781813107
21962,0,0.571486603334519
21969,0,0.127696584081607
21976,0,0.0552041781813107
21996,0,0.150730244962074
22012,0,0.0552041781813107
22025,0,0.0552041781813107
22033,0,0.110455472121954
22037,0,0.0552041781813107
22044,0,0.205791706887008
22050,0,0.143077530563758
22065,0,0.0552041781813107
22077,0,0.0552041781813107
22095,0,0.0552041781813107
22097,0,0.20083576867878
22109,0,0.0552041781813107
22119,0,0.0552041781813107
22120,0,0.36890360808578
22133,0,0.0552041781813107
22143,0,0.133662406186163
22144,0,0.362007109906067
22146,0,0.0552041781813107
22163,0,0.218103022201749
22165,0,0.111062262509518
22180,0,0.0565186261842829
22198,0,0.0552041781813107
22212,0,0.158208338705612
22226,0,0.0554211104869608
22234,0,0.36808932638054
22243,0,0.0554211104869608
22254,0,0.0554211104869608
22271,0,0.197920351730801
22286,0,0.13109138768866
22291,0,0.1178095210626
22292,0,0.0554211104869608
22303,0,0.0554211104869608
22317,0,0.0554211104869608
22320,0,0.12120087021125
22334,0,0.0554211104869608
22355,1,2.9932398302697
22356,1,0.808727090540764
22357,0,0.300407634183481
22370,0,0.0554211104869608
22382,0,0.0554211104869608
22402,0,0.0554211104869608
22416,0,0.0554211104869608
22434,0,0.159192430242894
22449,0,0.0556388952575291
22465,0,0.0556388952575291
22471,0,0.20927234487972
22485,0,0.0556388952575291
22486,0,0.141038640854711
22493,0,0.500833695360613
22503,0,0.0558575358428927
22511,0,0.115658044642483
22520,0,0.0556388952575291
22535,0,0.181607302634664
22548,0,0.0556388952575291
22549,0,1.16214210465873
22550,0,0.796668148090977
22566,0,0.0556388952575291
22579,0,0.0556388952575291
22593,0,0.0556388952575291
22608,0,0.0556388952575291
22623,0,0.0556388952575291
22636,0,0.0556388952575291
22648,0,0.291734580325654
22656,0,0.27784973207466
22659,0,0.326203582700251
22673,0,0.0558575358428927
22690,0,0.0558575358428927
22715,0,0.0558575358428927
22728,0,0.279287679214464
22738,0,0.0558575358428927
22744,0,0.251557882656109
22754,1,2.05818055468036
22761,0,0.0558575358428927
22775,0,0.413934757029083
22784,0,0.352696501925181
22791,0,0.630111917776226
22807,0,0.0558575358428927
22819,0,0.195313258897894
22835,0,0.0558575358428927
22853,0,0.0558575358428927
22867,0,0.124858410074407
22875,0,0.0560770356060907
22894,0,0.0560770356060907
22911,0,0.0560770356060907
22922,0,0.114519070185977
22926,0,0.0560770356060907
22937,0,1.07059590272656
22956,0,0.0560770356060907
22967,0,0.133516925042326
22972,0,0.0560770356060907
22975,1,1.27493603472687
22983,0,0.0560770356060907
22986,0,0.112407168828489
22995,0,0.0560770356060907
23011,0,0.0560770356060907
23024,0,0.426447155575195
23027,0,0.0560770356060907
23049,0,0.160743367513036
23062,0,0.0560770356060907
23078,0,0.0560770356060907
23087,0,0.124819954753298
23092,0,0.0560770356060907
23106,0,0.0560770356060907
23111,0,0.632588028020852
23114,1,1.14420644033275
23123,0,0.0562973979233794
23136,0,0.404000662632005
23140,0,0.0562973979233794
23147,1,1.25723261109233
23160,0,0.0562973979233794
23163,0,0.400124016646584
23164,0,0.331642334334493
23168,0,0.268930300043768
23175,0,0.113198688492528
23177,0,0.317038384418021
23181,0,0.0562973979233794
23202,0,0.0562973979233794
23204,1,0.919318894401051
23205,0,0.384180231108064
23215,0,0.0562973979233794
23223,0,0.117141824022296
23231,0,0.245757470912042
23243,0,0.0562973979233794
23245,0,0.648246292647199
23261,0,0.0562973979233794
23277,0,0.0562973979233794
23291,0,0.179686121620741
23303,0,0.0562973979233794
23316,0,0.0562973979233794
23328,0,0.0562973979233794
23330,0,0.113666816591938
23343,0,0.0562973979233794
23355,0,0.0562973979233794
23373,1,0.947914616119048
23378,0,0.0565186261842829
23379,0,0.367467323649425
23385,0,0.299925805719559
23398,0,0.0565186261842829
23408,0,0.114113485764664
23414,0,0.42513528347685
23418,0,0.0565186261842829
23432,0,0.0565186261842829
23437,0,0.121135883967761
23439,1,0.701471568721078
23448,0,0.0565186261842829
23463,0,0.337211855590573
23465,0,0.337421152919588
23466,1,0.8420043910084
23482,0,0.0565186261842829
23485,0,0.353694601907673
23498,1,0.839890517482394
23500,1,0.926566846699314
23506,0,0.11881758884123
23507,0,0.414430180753276
23509,0,0.0565186261842829
23523,0,0.19309103672433
23537,0,0.315241746126315
23551,0,0.41407024440555
23554,0,0.184063655808525
23556,1,0.872342586587437
23569,0,0.0565186261842829
